Player Name,Player Code,Titan Number,Titan Name,Total Attacks,Total Damage,Armor Head,Armor Torso,Armor Left Arm,Armor Right Arm,Armor Left Hand,Armor Right Hand,Armor Left Leg,Armor Right Leg,Body Head,Body Torso,Body Left Arm,Body Right Arm,Body Left Hand,Body Right Hand,Body Left Leg,Body Right Leg,Skeleton Head,Skeleton Torso,Skeleton Left Arm,Skeleton Right Arm,Skeleton Left Hand,Skeleton Right Hand,Skeleton Left Leg,Skeleton Right Left
Peteyjack13,dme2q7m,0,Jukk the Overseer,24,26.18M,0,1.11M,0,0,0,0,0,0,2.31M,1.10M,1.04M,0,2.06M,0,1.09M,0,0,0,0,0,0,0,0,0
Peteyjack13,dme2q7m,2,Jukk the Overseer,24,26.18M,1.21M,1.05M,0,0,0,0,0,0,0,0,2.21M,0,0,0,0,0,0,0,0,0,0,0,0,0
Peteyjack13,dme2q7m,3,Terro the Seeker,24,26.18M,776.33K,1.07M,0,0,0,455.2,0,0,1.53M,0,0,0,0,0,0,969.63K,0,0,0,0,0,0,0,0
Peteyjack13,dme2q7m,4,Jukk the Overseer,24,26.18M,1.37M,1.33M,88.18K,0,0,3.00K,277.34K,314.39K,2.58M,2.64M,0,0,0,0,0,0,0,0,0,0,0,0,0,0
Peteyjack13,dme2q7m,1,Sterl the Unmaker,24,26.18M,0,0,0,0,0,0,0,0,0,0,0,0,0,0,0,0,0,0,0,0,0,0,0,0
,,,,,,,,,,,,,,,,,,,,,,,,,,,,,
Glitch (╯°□°)╯︵︵,myb5bkn,0,Jukk the Overseer,24,25.07M,0,0,0,0,932.84K,0,0,918.48K,1.05M,1.82M,981.34K,0,10.28K,0,2.40M,0,0,0,4.61K,0,0,0,0,0
Glitch (╯°□°)╯︵︵,myb5bkn,2,Jukk the Overseer,24,25.07M,1.03M,996.14K,0,0,0,0,0,2.44M,0,0,0,0,0,0,0,0,0,0,0,0,0,0,0,0
Glitch (╯°□°)╯︵︵,myb5bkn,3,Terro the Seeker,24,25.07M,1.03M,960.90K,0,0,0,0,0,2.49M,0,0,0,0,0,0,0,0,0,0,0,0,0,0,0,0
Glitch (╯°□°)╯︵︵,myb5bkn,4,Jukk the Overseer,24,25.07M,0,0,0,0,0,0,0,0,1.18M,2.34M,1.96M,0,0,0,0,2.47M,189,0,0,0,0,0,0,0
Glitch (╯°□°)╯︵︵,myb5bkn,1,Sterl the Unmaker,24,25.07M,0,0,0,0,0,0,0,0,0,0,0,0,0,0,0,0,0,0,0,0,0,0,0,0
,,,,,,,,,,,,,,,,,,,,,,,,,,,,,
♤ZuraQuor♤,bnpmyd6,0,Jukk the Overseer,24,21.71M,0,0,0,767.80K,0,0,973.94K,0,1.75M,1.75M,0,1.11M,972.91K,0,0,0,1.28K,0,1.11K,0,0,0,0,0
♤ZuraQuor♤,bnpmyd6,2,Jukk the Overseer,24,21.71M,904.15K,1.81M,0,1.77M,0,10.35K,0,0,867.16K,881.79K,0,0,0,0,0,940.56K,0,0,0,0,0,0,0,0
♤ZuraQuor♤,bnpmyd6,3,Terro the Seeker,24,21.71M,0,0,0,0,0,0,0,0,1.82M,854.09K,0,0,0,0,0,0,0,0,0,0,0,0,0,0
♤ZuraQuor♤,bnpmyd6,4,Jukk the Overseer,24,21.71M,0,0,819.20K,924.90K,0,0,0,0,866.84K,866.39K,103.59K,0,0,0,0,909.20K,0,0,0,0,0,0,0,0
♤ZuraQuor♤,bnpmyd6,1,Sterl the Unmaker,24,21.71M,0,0,0,0,0,0,0,0,0,0,0,0,0,0,0,0,0,0,0,0,0,0,0,0
,,,,,,,,,,,,,,,,,,,,,,,,,,,,,
Fernd (ง'̀-'́)ง,24wew8e,0,Jukk the Overseer,24,21.53M,0,0,0,0,639.27K,0,0,0,841.34K,1.98M,0,0,0,0,0,0,0,0,112.4,0,0,0,0,0
Fernd (ง'̀-'́)ง,24wew8e,2,Jukk the Overseer,24,21.53M,947.41K,1.99M,0,0,0,0,0,763.48K,0,0,0,0,0,0,0,0,0,0,0,0,0,0,0,0
Fernd (ง'̀-'́)ง,24wew8e,3,Terro the Seeker,24,21.53M,913.68K,1.91M,0,0,0,7.34K,0,735.92K,0,0,0,0,0,0,0,0,0,0,0,0,0,0,0,0
Fernd (ง'̀-'́)ง,24wew8e,4,Jukk the Overseer,24,21.53M,1.02M,1.72M,0,522,0,6.70K,0,707.88K,916.76K,2.00M,0,0,0,0,0,731.96K,0,0,0,0,0,0,0,0
Fernd (ง'̀-'́)ง,24wew8e,1,Sterl the Unmaker,24,21.53M,937.67K,1.98M,740.38K,0,0,0,0,0,0,0,0,0,0,0,0,0,0,0,0,0,0,0,0,0
,,,,,,,,,,,,,,,,,,,,,,,,,,,,,
fukinawsum,25834nk,0,Jukk the Overseer,24,21.52M,2.01M,945.54K,665.72K,0,0,0,0,0,0,1.02M,0,1.44M,0,0,0,0,0,0,0,0,0,0,0,0
fukinawsum,25834nk,2,Jukk the Overseer,24,21.52M,0,0,0,0,0,0,0,0,1.97M,2.89M,0,0,0,0,0,2.40M,0,0,0,0,0,0,0,0
fukinawsum,25834nk,3,Terro the Seeker,24,21.52M,0,0,0,0,0,0,0,0,1.92M,1.63M,0,0,0,0,0,0,0,0,0,0,0,0,0,0
fukinawsum,25834nk,4,Jukk the Overseer,24,21.52M,0,0,0,0,0,0,0,0,1.93M,882.30K,868.16K,0,0,0,0,0,0,0,0,0,0,0,0,0
fukinawsum,25834nk,1,Sterl the Unmaker,24,21.52M,891.90K,0,0,0,0,0,0,0,0,0,0,0,0,0,0,0,0,0,0,0,0,0,0,0
,,,,,,,,,,,,,,,,,,,,,,,,,,,,,
[RG]BiLl,gp53n2d,0,Jukk the Overseer,24,21.39M,0,846.62K,0,0,0,0,0,0,1.96M,0,778.21K,0,0,0,0,0,0,0,0,0,0,0,0,0
[RG]BiLl,gp53n2d,2,Jukk the Overseer,24,21.39M,1.99M,826.48K,577.71K,0,125.97K,0,0,0,1.91M,860.41K,0,0,0,0,0,808.23K,0,0,0,0,0,0,0,0
[RG]BiLl,gp53n2d,3,Terro the Seeker,24,21.39M,0,0,0,0,0,0,0,0,942.58K,1.85M,0,0,0,752.71K,0,0,0,0,0,0,0,0,0,0
[RG]BiLl,gp53n2d,4,Jukk the Overseer,24,21.39M,0,0,0,0,0,0,805.33K,0,938.42K,1.86M,0,0,0,0,0,0,0,0,0,0,0,0,0,0
[RG]BiLl,gp53n2d,1,Sterl the Unmaker,24,21.39M,1.93M,834.07K,786.18K,0,0,0,0,0,0,0,0,0,0,0,0,0,0,0,0,0,0,0,0,0
,,,,,,,,,,,,,,,,,,,,,,,,,,,,,
[RG]Atakir ಠ_ಠ,ze4kv,0,Jukk the Overseer,20,21.22M,0,0,0,0,0,0,2.32M,0,921.21K,973.69K,0,0,0,0,0,0,0,0,0,0,0,0,0,0
[RG]Atakir ಠ_ಠ,ze4kv,2,Jukk the Overseer,20,21.22M,0,0,0,0,0,0,2.37M,0,906.81K,1.02M,0,0,0,0,0,0,0,0,0,0,0,0,0,0
[RG]Atakir ಠ_ಠ,ze4kv,3,Terro the Seeker,20,21.22M,0,0,0,0,0,0,0,0,0,0,0,0,0,0,0,0,0,0,0,0,0,0,0,0
[RG]Atakir ಠ_ಠ,ze4kv,4,Jukk the Overseer,20,21.22M,948.91K,995.46K,0,0,0,0,4.62M,0,899.64K,960.04K,0,0,0,0,0,0,0,0,0,0,0,0,0,0
[RG]Atakir ಠ_ಠ,ze4kv,1,Sterl the Unmaker,20,21.22M,934.77K,1.03M,0,0,0,0,0,2.30M,0,0,0,0,0,0,0,0,0,0,0,0,0,0,0,0
,,,,,,,,,,,,,,,,,,,,,,,,,,,,,
hermetica,38ebrpk,0,Jukk the Overseer,23,21.20M,1.11M,829.47K,0,0,0,0,0,0,1.21M,0,846.83K,0,0,0,0,0,0,0,0,0,0,0,0,0
hermetica,38ebrpk,2,Jukk the Overseer,23,21.20M,75.20K,51.03K,41.71K,51.96K,11.25K,39.53K,795.00K,18.42K,1.11M,1.48M,0,0,0,0,0,0,6.49K,0,0,0,0,0,0,0
hermetica,38ebrpk,3,Terro the Seeker,23,21.20M,0,0,0,11.66K,0,0,0,0,2.33M,882.31K,0,0,0,804.88K,0,0,0,0,0,0,0,0,0,85.35
hermetica,38ebrpk,4,Jukk the Overseer,23,21.20M,0,0,0,0,362.06K,0,194.41K,0,0,1.04M,920.60K,0,0,0,0,0,1.12K,777,0,0,0,0,0,0
hermetica,38ebrpk,1,Sterl the Unmaker,23,21.20M,0,828.81K,0,703.05K,0,0,0,0,2.33M,3.08M,0,0,0,0,0,0,2.22K,0,0,0,0,0,0,0
,,,,,,,,,,,,,,,,,,,,,,,,,,,,,
Kloppie5,4m6g6y,0,Jukk the Overseer,20,19.80M,0,0,0,0,0,7.44K,0,861.01K,876.65K,2.26M,0,0,0,0,0,0,0,0,0,0,0,0,0,0
Kloppie5,4m6g6y,2,Jukk the Overseer,20,19.80M,859.64K,183.56K,0,0,0,0,571.67K,253.95K,4.92K,1.18M,0,0,0,0,0,20.52K,0,0,0,0,0,0,0,0
Kloppie5,4m6g6y,3,Terro the Seeker,20,19.80M,871.01K,2.21M,0,0,0,0,0,0,0,0,0,0,0,0,0,896.60K,0,0,0,0,0,0,0,0
Kloppie5,4m6g6y,4,Jukk the Overseer,20,19.80M,735.08K,2.26M,0,0,0,0,0,0,102.76K,0,0,0,0,0,0,915.78K,0,0,0,0,0,0,0,0
Kloppie5,4m6g6y,1,Sterl the Unmaker,20,19.80M,0,0,0,0,0,0,869.91K,0,0,3.85M,0,0,0,0,0,0,283.5,0,0,0,0,0,0,0
,,,,,,,,,,,,,,,,,,,,,,,,,,,,,
[RG]Chrono☆,3r9q83,0,Jukk the Overseer,24,19.60M,948.86K,865.01K,1.69M,0,0,0,0,0,0,0,0,0,0,0,0,0,0,0,0,0,0,0,0,0
[RG]Chrono☆,3r9q83,2,Jukk the Overseer,24,19.60M,955.65K,905.50K,0,0,0,0,0,859.65K,0,0,972.34K,0,1.00M,0,0,2.07M,0,0,0,0,0,0,0,333.2
[RG]Chrono☆,3r9q83,3,Terro the Seeker,24,19.60M,0,0,0,0,0,0,0,0,0,0,0,0,0,0,0,0,0,0,0,0,0,0,0,0
[RG]Chrono☆,3r9q83,4,Jukk the Overseer,24,19.60M,962.33K,868.48K,0,0,0,4.70K,0,1.84M,0,0,0,0,0,0,2.03M,0,0,0,0,0,0,0,0,0
[RG]Chrono☆,3r9q83,1,Sterl the Unmaker,24,19.60M,0,0,0,0,0,0,0,0,956.55K,966.72K,0,0,0,0,0,1.67M,0,0,0,0,0,0,0,0
,,,,,,,,,,,,,,,,,,,,,,,,,,,,,
KF,y974pm3,0,Jukk the Overseer,24,19.56M,1.54M,95.81K,772.17K,0,0,0,0,0,959.04K,0,0,0,0,0,0,0,0,0,0,0,0,0,0,0
KF,y974pm3,2,Jukk the Overseer,24,19.56M,0,0,0,0,0,0,0,0,2.25M,1.01M,0,0,1.21M,0,0,0,0,0,69.6,0,0,0,0,0
KF,y974pm3,3,Terro the Seeker,24,19.56M,1.17M,55.74K,0,0,0,0,0,813.29K,0,0,0,0,0,0,0,0,0,0,0,0,0,0,0,0
KF,y974pm3,4,Jukk the Overseer,24,19.56M,828.61K,849.08K,0,0,0,0,0,113.26K,1.05M,1.37M,407.34K,0,0,0,0,1.71M,966.2,0,0,0,0,0,0,0
KF,y974pm3,1,Sterl the Unmaker,24,19.56M,1.46M,123.25K,0,0,0,0,0,788.06K,753.71K,184.20K,0,0,0,0,0,0,0,0,0,0,0,0,0,0
,,,,,,,,,,,,,,,,,,,,,,,,,,,,,
[RG]Zurcam [oO],bmp9w,0,Jukk the Overseer,20,19.23M,0,1.45M,0,0,0,0,0,779.22K,1.95M,2.99M,0,0,0,0,701.88K,0,18.7,0,0,0,0,0,0,0
[RG]Zurcam [oO],bmp9w,2,Jukk the Overseer,20,19.23M,0,0,0,0,0,0,0,0,956.07K,2.16M,0,0,0,0,0,799.78K,0,0,0,0,0,0,0,0
[RG]Zurcam [oO],bmp9w,3,Terro the Seeker,20,19.23M,0,0,0,0,0,0,0,0,0,3.01M,0,0,0,0,0,0,18.7,0,0,0,0,0,0,0
[RG]Zurcam [oO],bmp9w,4,Jukk the Overseer,20,19.23M,966.17K,0,0,0,0,0,0,0,0,0,0,0,0,0,0,0,0,0,0,0,0,0,0,0
[RG]Zurcam [oO],bmp9w,1,Sterl the Unmaker,20,19.23M,0,0,0,0,0,0,0,0,0,3.44M,0,0,0,0,0,0,284.2,0,0,0,0,0,0,51.89
,,,,,,,,,,,,,,,,,,,,,,,,,,,,,
[RG]LanayA :),b26g9b,0,Jukk the Overseer,24,19.20M,0,0,0,0,1.02M,0,0,0,702.03K,856.17K,630.09K,0,0,0,0,0,0,0,0,0,0,0,0,0
[RG]LanayA :),b26g9b,2,Jukk the Overseer,24,19.20M,0,1.74M,0,0,0,0,0,0,1.45M,1.44M,869.64K,0,618.28K,0,0,106.33K,0,0,382.6,0,0,0,0,0
[RG]LanayA :),b26g9b,3,Terro the Seeker,24,19.20M,0,0,0,0,0,0,0,0,0,0,0,0,0,0,0,0,0,0,0,0,0,0,0,0
[RG]LanayA :),b26g9b,4,Jukk the Overseer,24,19.20M,0,1.51M,1.35M,0,321.08K,0,0,0,1.88M,1.45M,0,0,0,0,0,0,0,0,0,0,0,0,0,0
[RG]LanayA :),b26g9b,1,Sterl the Unmaker,24,19.20M,449.02K,1.09M,721.87K,223.42K,243.86K,148.04K,195.91K,134.97K,0,0,0,0,0,0,0,0,0,0,0,0,0,0,0,0
,,,,,,,,,,,,,,,,,,,,,,,,,,,,,
Apokolipse,n2yd8d,0,Jukk the Overseer,20,19.18M,0,1.02M,0,0,406.69K,0,0,957.68K,912.32K,0,508.87K,0,0,0,0,0,0,0,0,0,0,0,0,0
Apokolipse,n2yd8d,2,Jukk the Overseer,20,19.18M,901.71K,1.02M,487.05K,0,440.51K,0,0,951.97K,0,0,0,0,0,0,0,0,0,0,0,0,0,0,0,0
Apokolipse,n2yd8d,3,Terro the Seeker,20,19.18M,0,1.08M,0,0,0,0,0,0,1.87M,1.07M,0,0,0,0,0,995.03K,0,0,0,0,0,0,0,0
Apokolipse,n2yd8d,4,Jukk the Overseer,20,19.18M,874.29K,871.40K,0,0,0,0,0,946.07K,0,0,0,0,0,0,0,0,0,0,0,0,0,0,0,0
Apokolipse,n2yd8d,1,Sterl the Unmaker,20,19.18M,0,855.67K,0,0,0,364.21K,0,533.04K,927.57K,167.05K,0,0,0,0,0,1.00M,0,0,0,0,0,0,0,0
,,,,,,,,,,,,,,,,,,,,,,,,,,,,,
ZeroTwo♡,nbee3,0,Jukk the Overseer,20,19.17M,1.00M,954.19K,0,0,0,0,804.13K,0,181,1.02M,0,0,0,0,0,0,0,0,0,0,0,0,0,0
ZeroTwo♡,nbee3,2,Jukk the Overseer,20,19.17M,986.84K,1.07M,0,0,0,431.3,0,798.02K,0,1.01M,0,0,0,0,0,2.10K,0,0,0,0,0,0,0,0
ZeroTwo♡,nbee3,3,Terro the Seeker,20,19.17M,996.84K,1.01M,0,0,0,0,1.27K,0,181,1.98M,0,0,0,0,0,782.78K,0,0,0,0,0,0,0,0
ZeroTwo♡,nbee3,4,Jukk the Overseer,20,19.17M,1.03M,1.05M,0,0,0,0,0,816.28K,0,0,0,0,0,0,0,0,0,0,0,0,0,0,0,0
ZeroTwo♡,nbee3,1,Sterl the Unmaker,20,19.17M,0,0,0,48.86K,0,1.79M,0,0,987.93K,976.24K,0,0,0,0,0,0,0,0,0,0,0,0,0,0
,,,,,,,,,,,,,,,,,,,,,,,,,,,,,
DeathScythe*,qdd82qg,0,Jukk the Overseer,24,18.94M,0,0,0,0,0,0,0,0,833.56K,1.58M,0,0,769.54K,0,590.7,0,0,0,16.5,0,0,0,0,0
DeathScythe*,qdd82qg,2,Jukk the Overseer,24,18.94M,1.16K,0,751.49K,0,0,0,0,0,884.87K,1.55M,0,0,0,0,0,731.85K,0,0,0,0,0,0,0,0
DeathScythe*,qdd82qg,3,Terro the Seeker,24,18.94M,0,0,0,2.58K,0,0,0,0,815.42K,1.55M,0,0,0,701.54K,0,0,0,0,0,0,0,0,0,0
DeathScythe*,qdd82qg,4,Jukk the Overseer,24,18.94M,0,0,0,0,0,0,0,0,907.30K,1.63M,700.42K,0,0,0,0,0,0,0,0,0,0,0,0,0
DeathScythe*,qdd82qg,1,Sterl the Unmaker,24,18.94M,844.55K,910.90K,0,0,0,0,0,743.23K,362.5,3.01M,0,0,0,0,0,0,0,0,0,0,0,0,0,0
,,,,,,,,,,,,,,,,,,,,,,,,,,,,,
탭하냐,mn7kwxp,0,Jukk the Overseer,24,18.30M,0,0,0,1.20M,0,432.75K,0,0,753.96K,652.29K,0,0,0,0,0,0,0,0,0,0,0,0,0,0
탭하냐,mn7kwxp,2,Jukk the Overseer,24,18.30M,0,0,0,0,0,0,847.37K,0,771.52K,1.51M,0,0,0,0,0,0,0,0,0,0,0,0,0,0
탭하냐,mn7kwxp,3,Terro the Seeker,24,18.30M,0,0,0,0,0,0,0,0,742.05K,2.26M,0,0,0,0,0,0,0,0,0,0,0,0,0,0
탭하냐,mn7kwxp,4,Jukk the Overseer,24,18.30M,0,0,0,0,0,0,1.59M,0,763.87K,787.85K,0,0,0,0,0,0,0,0,0,0,0,0,0,0
탭하냐,mn7kwxp,1,Sterl the Unmaker,24,18.30M,0,0,0,2.19K,0,262.10K,0,0,759.42K,3.06M,0,591.63K,0,1.30M,0,0,16,0,0,361.8,0,786.6,0,0
,,,,,,,,,,,,,,,,,,,,,,,,,,,,,
[RG]Boktae,7qn96xg,0,Jukk the Overseer,24,18.22M,0,0,0,0,428.61K,0,1.25M,0,756.14K,627.83K,0,0,0,0,0,0,0,0,0,0,0,0,0,0
[RG]Boktae,7qn96xg,2,Jukk the Overseer,24,18.22M,0,624.37K,0,0,488.09K,0,0,1.27M,756.76K,0,0,0,0,0,0,0,0,0,0,0,0,0,0,0
[RG]Boktae,7qn96xg,3,Terro the Seeker,24,18.22M,711.11K,613.25K,0,0,0,0,0,0,0,627.50K,0,0,0,0,0,1.68M,0,0,0,0,0,0,0,0
[RG]Boktae,7qn96xg,4,Jukk the Overseer,24,18.22M,578.88K,0,0,0,750.25K,0,1.31M,1.33M,761.17K,615.86K,0,0,0,0,0,0,0,0,0,0,0,0,0,0
[RG]Boktae,7qn96xg,1,Sterl the Unmaker,24,18.22M,0,0,0,0,0,0,0,0,732.98K,620.06K,414.01K,0,0,0,0,1.25M,0,0,0,0,0,0,0,0
,,,,,,,,,,,,,,,,,,,,,,,,,,,,,
BlackWiz,dkk9x53,0,Jukk the Overseer,20,16.48M,0,792.63K,0,0,0,0,0,0,1.11M,256.43K,0,0,0,0,913.57K,0,0,0,0,0,0,0,0,0
BlackWiz,dkk9x53,2,Jukk the Overseer,20,16.48M,0,0,0,0,0,0,0,0,1.27M,1.13M,0,0,0,0,0,879.64K,0,0,0,0,0,0,0,0
BlackWiz,dkk9x53,3,Terro the Seeker,20,16.48M,0,0,0,0,0,0,0,0,0,0,0,0,0,0,0,0,0,0,0,0,0,0,0,0
BlackWiz,dkk9x53,4,Jukk the Overseer,20,16.48M,829.49K,1.27M,0,0,0,0,0,1.31M,1.48M,1.09M,0,0,0,0,0,886.34K,0,0,0,0,0,0,0,0
BlackWiz,dkk9x53,1,Sterl the Unmaker,20,16.48M,0,0,0,0,0,0,0,0,0,1.73M,0,620.06K,0,870.93K,0,0,0,0,0,0,0,0,0,0
,,,,,,,,,,,,,,,,,,,,,,,,,,,,,
Lummy,ygd63y,0,Jukk the Overseer,20,16.15M,1.11M,1.20M,77.88K,62.08K,70.82K,60.35K,571.22K,488.55K,0,0,0,0,0,0,0,0,0,0,0,0,0,0,0,0
Lummy,ygd63y,2,Jukk the Overseer,20,16.15M,0,0,0,0,0,0,0,0,0,0,0,0,0,0,0,0,0,0,0,0,0,0,0,0
Lummy,ygd63y,3,Terro the Seeker,20,16.15M,0,706.40K,0,0,0,950,0,0,2.39M,2.27M,0,0,0,0,0,561.19K,0,0,0,0,0,0,0,1.81K
Lummy,ygd63y,4,Jukk the Overseer,20,16.15M,0,0,0,0,0,0,0,0,0,0,0,0,0,0,0,0,0,0,0,0,0,0,0,0
Lummy,ygd63y,1,Sterl the Unmaker,20,16.15M,0,0,0,52.03K,98.02K,107.30K,209.56K,0,1.06M,4.13M,25.06K,0,0,0,0,867.91K,4.19K,0,0,0,0,0,0,19
,,,,,,,,,,,,,,,,,,,,,,,,,,,,,
Zzzx,bdbwrew,0,Jukk the Overseer,24,15.87M,1.84K,1.38M,601.45K,0,60.50K,0,0,0,1.54K,0,642.18K,0,0,0,0,0,0,0,0,0,0,0,0,0
Zzzx,bdbwrew,2,Jukk the Overseer,24,15.87M,58.23K,1.99M,0,0,0,0,0,0,0,0,613.12K,0,0,0,0,0,0,0,0,0,0,0,0,0
Zzzx,bdbwrew,3,Terro the Seeker,24,15.87M,0,674.91K,0,0,0,0,0,0,1.23M,2.07M,0,0,0,0,0,1.37M,0,0,0,0,0,0,0,0
Zzzx,bdbwrew,4,Jukk the Overseer,24,15.87M,0,0,0,0,0,0,0,0,590.61K,1.15M,0,0,0,0,0,685.84K,0,0,0,0,0,0,0,0
Zzzx,bdbwrew,1,Sterl the Unmaker,24,15.87M,228.20K,1.85M,0,0,0,0,0,0,643.80K,0,0,0,0,0,0,0,0,0,0,0,0,0,0,0
,,,,,,,,,,,,,,,,,,,,,,,,,,,,,
慾求不滿,8xmdx2,0,Jukk the Overseer,20,15.29M,0,895.56K,0,347.24K,0,991.04K,0,217.01K,667.51K,0,0,0,0,0,0,0,0,0,0,0,0,0,0,0
慾求不滿,8xmdx2,2,Jukk the Overseer,20,15.29M,0,0,0,0,0,0,0,0,0,0,0,0,0,0,0,0,0,0,0,0,0,0,0,0
慾求不滿,8xmdx2,3,Terro the Seeker,20,15.29M,806.33K,889.34K,298.47K,345.19K,137.82K,1.83M,181.21K,141.72K,728.48K,864.43K,0,0,0,0,0,30.69K,0,0,0,0,0,0,0,0
慾求不滿,8xmdx2,4,Jukk the Overseer,20,15.29M,0,0,0,60.12K,121.78K,1.91M,0,0,0,0,289.29K,0,0,0,248.52K,0,0,50.7,0,0,0,0,0,0
慾求不滿,8xmdx2,1,Sterl the Unmaker,20,15.29M,811.96K,902.63K,0,305.37K,0,1.08M,0,174.24K,0,0,0,0,0,0,0,0,0,0,0,0,0,0,0,0
,,,,,,,,,,,,,,,,,,,,,,,,,,,,,
Delty°™,k7ymnb,0,Jukk the Overseer,20,15.24M,0,0,0,0,0,0,0,0,643.91K,1.69M,0,0,0,0,755.50K,0,0,0,0,0,0,0,0,0
Delty°™,k7ymnb,2,Jukk the Overseer,20,15.24M,736.97K,860.64K,0,0,0,0,0,751.52K,900.59K,0,0,0,0,0,0,0,0,0,0,0,0,0,0,0
Delty°™,k7ymnb,3,Terro the Seeker,20,15.24M,748.71K,813.02K,0,0,0,0,0,734.50K,655.22K,2.19M,0,0,0,0,0,903.61K,0,0,0,0,0,0,0,0
Delty°™,k7ymnb,4,Jukk the Overseer,20,15.24M,0,0,0,0,0,0,0,0,673.57K,2.17M,0,0,0,0,0,0,0,0,0,0,0,0,0,0
Delty°™,k7ymnb,1,Sterl the Unmaker,20,15.24M,0,0,0,0,0,0,0,0,0,0,0,0,0,0,0,0,0,0,0,0,0,0,0,0
,,,,,,,,,,,,,,,,,,,,,,,,,,,,,
无奈,d786q8p,0,Jukk the Overseer,24,15.13M,1.75M,702.64K,0,0,0,0,0,0,0,0,0,0,0,0,0,0,0,0,0,0,0,0,0,0
无奈,d786q8p,2,Jukk the Overseer,24,15.13M,1.36M,0,367.54K,0,0,0,0,0,2.10M,667.06K,954.04K,0,0,0,0,0,0,0,0,0,0,0,0,0
无奈,d786q8p,3,Terro the Seeker,24,15.13M,0,0,0,0,0,0,0,0,0,43.04K,0,0,0,0,0,0,0,0,0,0,0,0,0,0
无奈,d786q8p,4,Jukk the Overseer,24,15.13M,1.99M,7.63K,0,0,0,483,0,0,611.12K,0,0,0,0,0,0,2.19M,0,0,0,0,0,0,0,0
无奈,d786q8p,1,Sterl the Unmaker,24,15.13M,1.73M,0,0,0,0,0,0,639.07K,0,0,0,0,0,0,0,0,0,0,0,0,0,0,0,0
,,,,,,,,,,,,,,,,,,,,,,,,,,,,,
Kyzu (/=.=)/,b2m6m3e,0,Jukk the Overseer,20,14.92M,0,0,0,688.93K,0,0,1.10M,336.19K,0,850.68K,0,0,747.61K,0,0,0,33.4,0,0,0,0,0,0,0
Kyzu (/=.=)/,b2m6m3e,2,Jukk the Overseer,20,14.92M,0,0,0,0,0,0,0,0,0,0,0,0,0,0,0,0,0,0,0,0,0,0,0,0
Kyzu (/=.=)/,b2m6m3e,3,Terro the Seeker,20,14.92M,0,0,0,0,0,0,0,0,1.84M,1.01M,0,0,0,0,0,0,0,0,0,0,0,0,0,0
Kyzu (/=.=)/,b2m6m3e,4,Jukk the Overseer,20,14.92M,0,0,730.23K,0,404.96K,0,0,0,846.85K,24.79K,0,0,0,0,0,739.93K,0,0,0,0,0,0,0,0
Kyzu (/=.=)/,b2m6m3e,1,Sterl the Unmaker,20,14.92M,3.82K,758.96K,1.36M,0,262.42K,0,76.13K,0,0,1.01M,616.74K,855.32K,0,639.90K,0,0,33.4,0,855.4,0,0,0,0,0
,,,,,,,,,,,,,,,,,,,,,,,,,,,,,
Kagerou,255r47q,0,Jukk the Overseer,20,14.66M,1.25M,815.44K,0,0,0,0,826.14K,8.51K,0,822.97K,0,0,660.70K,0,608.79K,0,66.4,25.29,201.7,0,0,0,0,0
Kagerou,255r47q,2,Jukk the Overseer,20,14.66M,727.13K,0,0,0,0,0,0,0,0,0,0,0,0,0,0,0,0,0,0,0,0,0,0,0
Kagerou,255r47q,3,Terro the Seeker,20,14.66M,1.27M,825.11K,0,565,0,0,0,0,639,2.06M,0,0,0,721.32K,0,832.10K,66.8,0,0,0,0,0,0,16.7
Kagerou,255r47q,4,Jukk the Overseer,20,14.66M,0,0,0,0,0,0,0,0,0,0,0,0,0,0,0,0,0,0,0,0,0,0,0,0
Kagerou,255r47q,1,Sterl the Unmaker,20,14.66M,722.60K,0,0,0,0,0,167,0,0,2.49M,0,0,0,0,0,0,16.7,0,0,0,0,0,0,16.7
,,,,,,,,,,,,,,,,,,,,,,,,,,,,,
Kcirtap¯\_(ツ)_/¯,ywy6gpd,0,Jukk the Overseer,20,14.57M,1.41M,0,226.25K,0,0,0,0,0,0,0,653.84K,0,0,0,0,0,0,0,0,0,0,0,0,0
Kcirtap¯\_(ツ)_/¯,ywy6gpd,2,Jukk the Overseer,20,14.57M,0,0,0,186,487.50K,0,0,0,19.10K,711.57K,1.19M,0,0,0,0,637.14K,0,0,781.8,0,0,0,0,0
Kcirtap¯\_(ツ)_/¯,ywy6gpd,3,Terro the Seeker,20,14.57M,5.37K,770.19K,0,0,186,0,747.7,739.34K,0,0,0,0,0,0,0,1.87M,0,0,0,0,0,0,0,0
Kcirtap¯\_(ツ)_/¯,ywy6gpd,4,Jukk the Overseer,20,14.57M,751.03K,3.91K,0,0,0,186,0,2.18M,0,0,0,0,0,0,0,0,0,0,0,0,0,0,0,0
Kcirtap¯\_(ツ)_/¯,ywy6gpd,1,Sterl the Unmaker,20,14.57M,0,0,0,528.23K,0,0,0,0,69.54K,776.34K,1.11M,0,0,0,0,401.59K,55.8,0,0,0,0,0,0,251.7
,,,,,,,,,,,,,,,,,,,,,,,,,,,,,
Спартак,3w3r345,0,Jukk the Overseer,20,14.37M,0,0,0,0,0,0,0,0,1.45M,715.07K,0,0,388.50K,0,416.89K,0,0,0,78.15,0,0,0,0,0
Спартак,3w3r345,2,Jukk the Overseer,20,14.37M,0,0,0,0,418.03K,0,368.33K,0,1.51M,717.46K,0,0,0,0,0,0,0,0,130.2,0,0,0,0,0
Спартак,3w3r345,3,Terro the Seeker,20,14.37M,0,0,0,618.35K,0,202.35K,0,0,1.50M,727.94K,0,0,0,0,0,0,0,0,0,0,0,0,0,0
Спартак,3w3r345,4,Jukk the Overseer,20,14.37M,0,491.60K,0,579.50K,0,210.61K,0,0,1.49M,0,0,0,0,0,0,0,0,0,0,0,0,0,0,0
Спартак,3w3r345,1,Sterl the Unmaker,20,14.37M,0,0,0,0,154.14K,0,0,0,607.62K,850.69K,934.30K,0,0,0,0,0,1.13K,0,0,0,0,0,0,0
,,,,,,,,,,,,,,,,,,,,,,,,,,,,,
Nesarin,4rby2br,0,Jukk the Overseer,20,14.32M,1.69M,724.81K,105.21K,0,79.07K,0,103.48K,85.32K,0,0,0,0,0,0,0,0,0,0,0,0,0,0,0,0
Nesarin,4rby2br,2,Jukk the Overseer,20,14.32M,1.62M,689.27K,471.75K,0,190.21K,0,0,0,0,696.20K,0,0,0,0,0,0,0,0,0,0,0,0,0,0
Nesarin,4rby2br,3,Terro the Seeker,20,14.32M,0,0,0,0,0,0,645.96K,0,1.67M,0,0,0,0,0,0,0,0,0,0,0,0,0,0,0
Nesarin,4rby2br,4,Jukk the Overseer,20,14.32M,1.41M,675.79K,0,0,0,0,632.19K,0,0,0,0,0,0,0,0,0,0,0,0,0,0,0,0,0
Nesarin,4rby2br,1,Sterl the Unmaker,20,14.32M,1.67M,765.68K,0,136.22K,0,118.01K,0,122.32K,0,0,0,0,0,0,0,0,0,0,0,0,0,0,0,0
,,,,,,,,,,,,,,,,,,,,,,,,,,,,,
Tolhin,wk9596m,0,Jukk the Overseer,24,14.10M,1.39M,378.49K,0,933.27K,0,272.89K,0,155,1.36M,627.35K,0,0,0,0,0,0,623.1,0,0,0,0,0,0,0
Tolhin,wk9596m,2,Jukk the Overseer,24,14.10M,0,0,0,503.60K,0,90.41K,0,0,1.42M,637.63K,0,0,0,0,0,0,0,0,0,0,0,0,0,0
Tolhin,wk9596m,3,Terro the Seeker,24,14.10M,0,0,0,156.83K,0,575.61K,0,0,607.89K,954.42K,0,0,0,0,0,0,0,0,0,0,0,0,0,62.4
Tolhin,wk9596m,4,Jukk the Overseer,24,14.10M,0,0,20.18K,83.38K,7.86K,569.56K,21.00K,0,557.67K,1.01M,0,0,0,0,0,0,0,0,0,0,0,0,0,245.7
Tolhin,wk9596m,1,Sterl the Unmaker,24,14.10M,0,0,0,0,443.94K,0,0,0,0,1.12M,0,253.25K,0,92.58K,0,0,923.4,0,3.10K,0,0,0,0,188.8
,,,,,,,,,,,,,,,,,,,,,,,,,,,,,
Jerra,225wrx,0,Jukk the Overseer,20,13.69M,0,0,0,20.26K,839.73K,12.01K,5.31K,1.57K,883.85K,792.07K,93.77K,0,0,0,0,0,0,0,0,0,0,0,0,0
Jerra,225wrx,2,Jukk the Overseer,20,13.69M,0,0,0,0,1.35M,0,0,0,754.15K,764.62K,0,0,0,0,0,0,0,0,436.8,0,0,0,0,0
Jerra,225wrx,3,Terro the Seeker,20,13.69M,0,0,0,0,0,0,0,0,762.05K,1.93M,0,0,0,0,0,0,0,0,0,0,0,0,0,0
Jerra,225wrx,4,Jukk the Overseer,20,13.69M,0,628.35K,0,0,0,0,0,0,788.82K,1.29M,0,0,0,0,0,944.6,0,0,0,0,0,0,0,0
Jerra,225wrx,1,Sterl the Unmaker,20,13.69M,0,0,0,866.08K,0,0,0,0,0,723.59K,0,855.19K,0,317.81K,0,0,1.15K,0,0,0,0,0,0,0
,,,,,,,,,,,,,,,,,,,,,,,,,,,,,
Ibra,2kwq43,0,Jukk the Overseer,20,13.43M,617.73K,512.95K,0,0,0,0,0,1.55M,1.17K,0,0,0,0,0,0,0,0,0,0,0,0,0,0,0
Ibra,2kwq43,2,Jukk the Overseer,20,13.43M,567.80K,539.42K,0,0,0,0,0,750.46K,697.23K,551.69K,0,0,0,0,0,2.22M,0,0,0,0,0,0,0,0
Ibra,2kwq43,3,Terro the Seeker,20,13.43M,0,0,0,0,0,0,0,0,0,0,0,0,0,0,0,0,0,0,0,0,0,0,0,0
Ibra,2kwq43,4,Jukk the Overseer,20,13.43M,0,0,0,0,0,0,0,0,640.87K,538.84K,0,0,0,0,0,1.54M,0,0,0,0,0,0,0,0
Ibra,2kwq43,1,Sterl the Unmaker,20,13.43M,0,0,0,0,0,0,0,0,615.97K,541.10K,0,0,0,0,0,1.53M,0,0,0,0,0,0,0,0
,,,,,,,,,,,,,,,,,,,,,,,,,,,,,
Fer £,82e3kkm,0,Jukk the Overseer,24,12.95M,0,0,0,0,0,0,499.62K,0,343.77K,1.16M,0,0,0,0,0,0,0,0,0,0,0,0,0,0
Fer £,82e3kkm,2,Jukk the Overseer,24,12.95M,522.16K,0,0,0,486.47K,0,0,0,0,0,2.75K,0,0,0,0,0,0,0,0,0,0,0,0,0
Fer £,82e3kkm,3,Terro the Seeker,24,12.95M,513.89K,1.22M,0,0,0,0,0,425.72K,0,0,0,0,0,0,0,0,0,0,0,0,0,0,0,0
Fer £,82e3kkm,4,Jukk the Overseer,24,12.95M,524.58K,1.22M,0,0,0,274.3,0,482.29K,506.67K,1.26M,0,0,0,0,0,464.59K,0,0,0,0,0,0,0,0
Fer £,82e3kkm,1,Sterl the Unmaker,24,12.95M,0,0,0,0,0,0,0,0,516.08K,2.31M,0,0,0,0,0,470.43K,24.6,0,0,0,0,0,0,49.2
,,,,,,,,,,,,,,,,,,,,,,,,,,,,,
Alfandy {;°∆°},3nbrbxx,0,Jukk the Overseer,24,12.61M,563.79K,566.05K,757.67K,0,6.24K,616.4,0,494.91K,0,0,319.43K,0,860.28K,0,340.58K,0,0,348.1,5.41K,0,0,0,0,0
Alfandy {;°∆°},3nbrbxx,2,Jukk the Overseer,24,12.61M,526.77K,558.36K,971.72K,0,347.59K,0,220.01K,1.11K,819.28K,867.74K,0,0,58.45K,0,0,0,0,0,1.03K,0,0,0,0,0
Alfandy {;°∆°},3nbrbxx,3,Terro the Seeker,24,12.61M,0,0,0,0,0,0,0,0,0,0,0,0,0,0,0,0,0,0,0,0,0,0,0,0
Alfandy {;°∆°},3nbrbxx,4,Jukk the Overseer,24,12.61M,1.17M,938.66K,0,0,0,4.07K,0,0,1.16M,554.85K,0,0,0,0,0,493.97K,0,0,0,0,0,0,0,0
Alfandy {;°∆°},3nbrbxx,1,Sterl the Unmaker,24,12.61M,0,0,0,0,0,0,0,0,0,0,0,0,0,0,0,0,0,0,0,0,0,0,0,0
,,,,,,,,,,,,,,,,,,,,,,,,,,,,,
Ken,n5y3gkk,0,Jukk the Overseer,16,12.13M,0,0,0,0,0,0,0,0,0,0,0,0,0,0,0,0,0,0,0,0,0,0,0,0
Ken,n5y3gkk,2,Jukk the Overseer,16,12.13M,0,1.89M,0,41.86K,10.05K,137.75K,2.46M,0,786.01K,814.17K,426.6,0,25.47K,0,0,13.68K,70.8,1.44K,0,0,0,0,0,17.7
Ken,n5y3gkk,3,Terro the Seeker,16,12.13M,0,0,0,0,0,0,0,0,0,0,0,0,0,0,0,0,0,0,0,0,0,0,0,0
Ken,n5y3gkk,4,Jukk the Overseer,16,12.13M,0,0,0,649.33K,6.63K,632.6,0,0,1.27M,1.21M,8.17K,0,0,0,0,0,0,0,0,0,0,0,0,0
Ken,n5y3gkk,1,Sterl the Unmaker,16,12.13M,45.61K,1.01M,5.23K,3.67K,3.28K,3.32K,933.01K,782.34K,0,0,0,0,0,0,0,0,0,0,0,0,0,0,0,0
,,,,,,,,,,,,,,,,,,,,,,,,,,,,,
[RG] darksolz,ykkb6n7,0,Jukk the Overseer,18,11.99M,823.31K,1.35M,13.54K,5.46K,5.10K,7.09K,124.54K,126.42K,0,0,0,0,0,0,0,0,0,0,0,0,0,0,0,0
[RG] darksolz,ykkb6n7,2,Jukk the Overseer,18,11.99M,739.11K,1.12K,201.74K,160,0,0,0,0,0,0,0,0,0,0,0,0,0,0,0,0,0,0,0,0
[RG] darksolz,ykkb6n7,3,Terro the Seeker,18,11.99M,0,0,0,0,0,0,0,0,1.55M,2.33M,0,0,0,0,0,0,0,0,0,0,0,0,0,387.6
[RG] darksolz,ykkb6n7,4,Jukk the Overseer,18,11.99M,0,569.75K,0,0,0,0,0,0,2.25K,0,0,0,0,0,0,2.80K,0,0,0,0,0,0,0,0
[RG] darksolz,ykkb6n7,1,Sterl the Unmaker,18,11.99M,0,0,0,0,4.22K,0,640,0,879.22K,2.84M,388.34K,0,0,0,0,0,1.92K,0,112,0,0,16,0,64
,,,,,,,,,,,,,,,,,,,,,,,,,,,,,
Demos,ep9bxb,0,Jukk the Overseer,21,11.92M,1.28M,276.42K,0,0,0,0,0,643.67K,0,0,0,0,0,0,0,0,0,0,0,0,0,0,0,0
Demos,ep9bxb,2,Jukk the Overseer,21,11.92M,1.14M,459.98K,0,0,0,0,675.45K,682.42K,971.61K,672.36K,0,0,0,0,0,0,0,0,0,0,0,0,0,0
Demos,ep9bxb,3,Terro the Seeker,21,11.92M,0,0,0,0,0,0,0,0,1.17M,487.50K,0,0,0,0,0,0,0,0,0,0,0,0,0,0
Demos,ep9bxb,4,Jukk the Overseer,21,11.92M,0,0,0,0,0,0,0,0,0,0,451.66K,0,0,0,0,436.54K,0,0,0,0,0,0,0,0
Demos,ep9bxb,1,Sterl the Unmaker,21,11.92M,606.76K,1.27M,0,0,0,0,0,665.01K,0,0,0,0,0,0,0,0,0,0,0,0,0,0,0,0
,,,,,,,,,,,,,,,,,,,,,,,,,,,,,
Lnwza007,wqd83d,0,Jukk the Overseer,20,11.56M,487.93K,1.28M,0,0,0,0,0,508.71K,0,0,0,0,0,0,0,0,0,0,0,0,0,0,0,0
Lnwza007,wqd83d,2,Jukk the Overseer,20,11.56M,0,0,0,0,0,0,0,0,0,0,0,0,0,0,0,0,0,0,0,0,0,0,0,0
Lnwza007,wqd83d,3,Terro the Seeker,20,11.56M,542.33K,1.28M,0,0,0,0,0,0,0,0,0,0,0,0,0,525.80K,0,0,0,0,0,0,0,0
Lnwza007,wqd83d,4,Jukk the Overseer,20,11.56M,545.36K,1.32M,521.67K,0,0,0,0,0,0,0,0,0,0,0,0,0,0,0,0,0,0,0,0,0
Lnwza007,wqd83d,1,Sterl the Unmaker,20,11.56M,0,0,0,0,498.18K,0,0,0,649.50K,2.43M,0,716.90K,0,246.19K,0,0,0,0,0,0,0,0,0,0
,,,,,,,,,,,,,,,,,,,,,,,,,,,,,
grande,9yqwr83,0,Jukk the Overseer,21,10.50M,0,0,0,396.75K,0,484.51K,12.79K,159.09K,988.66K,1.95M,0,133.82K,124.90K,0,186.33K,0,3.56K,2.01K,1.02K,0,0,0,0,0
grande,9yqwr83,2,Jukk the Overseer,21,10.50M,0,0,0,0,0,0,0,0,742.10K,0,0,0,0,0,0,0,0,0,0,0,0,0,0,0
grande,9yqwr83,3,Terro the Seeker,21,10.50M,1.44M,166,0,0,0,0,0,0,0,0,0,0,0,0,0,0,0,0,0,0,0,0,0,0
grande,9yqwr83,4,Jukk the Overseer,21,10.50M,348.68K,0,637.18K,32.30K,0,0,1.82K,0,2.81M,29.09K,0,0,0,0,0,0,0,0,0,0,0,0,0,298.8
grande,9yqwr83,1,Sterl the Unmaker,21,10.50M,0,0,0,0,0,0,0,0,0,0,0,0,0,0,0,0,0,0,0,0,0,0,0,0
,,,,,,,,,,,,,,,,,,,,,,,,,,,,,
솔짱,6974893,0,Jukk the Overseer,20,10.07M,0,61.07K,0,89.17K,313.64K,47.69K,354.71K,67.30K,1.08M,0,37.55K,0,0,0,0,0,0,0,0,0,0,0,0,0
솔짱,6974893,2,Jukk the Overseer,20,10.07M,0,0,0,65.87K,59.43K,26.87K,57.99K,0,1.09M,586.28K,0,0,0,0,0,85.50K,0,0,674.7,0,0,0,0,0
솔짱,6974893,3,Terro the Seeker,20,10.07M,0,0,246.67K,0,295.58K,0,0,0,1.04M,479.80K,0,0,0,0,0,0,0,0,0,0,0,0,0,0
솔짱,6974893,4,Jukk the Overseer,20,10.07M,1.56M,446.44K,4.51K,0,0,0,1.77K,0,0,0,0,0,0,0,0,0,0,0,0,0,0,0,0,0
솔짱,6974893,1,Sterl the Unmaker,20,10.07M,811.63K,245.59K,0,84.15K,32.24K,34.72K,52.22K,47.64K,560.71K,0,73.10K,0,0,0,0,0,0,0,0,0,0,0,0,0
,,,,,,,,,,,,,,,,,,,,,,,,,,,,,
[RG]Zapie,n4b86p8,0,Jukk the Overseer,12,10.05M,0,0,0,7.00K,0,360,0,3.86K,1.49M,1.06M,0,0,76.42K,0,159.27K,0,0,0,1.18K,0,0,0,0,0
[RG]Zapie,n4b86p8,2,Jukk the Overseer,12,10.05M,0,0,0,23.25K,249.73K,12.93K,255.41K,0,1.00M,962.76K,0,0,0,0,0,1.07M,0,0,2.43K,0,0,0,0,0
[RG]Zapie,n4b86p8,3,Terro the Seeker,12,10.05M,0,0,0,0,0,0,0,0,0,0,0,0,0,0,0,0,0,0,0,0,0,0,0,0
[RG]Zapie,n4b86p8,4,Jukk the Overseer,12,10.05M,0,0,0,0,0,0,0,0,0,0,0,0,0,0,0,0,0,0,0,0,0,0,0,0
[RG]Zapie,n4b86p8,1,Sterl the Unmaker,12,10.05M,0,0,0,65.97K,1.63K,0,6.90K,0,1.99M,933.98K,2.04K,0,0,290.17K,0,370.62K,0,0,0,0,0,0,0,0
,,,,,,,,,,,,,,,,,,,,,,,,,,,,,
cass,qkwgx8,0,Jukk the Overseer,24,9.05M,1.23M,642.49K,337.75K,2.25K,2.25K,2.06K,17.59K,49.58K,0,0,0,0,0,0,0,0,0,0,0,0,0,0,0,0
cass,qkwgx8,2,Jukk the Overseer,24,9.05M,0,0,0,6.37K,0,45.26K,298.82K,0,449.67K,332.60K,0,0,103.68K,0,0,247.25K,0,0,9.88K,0,0,0,0,0
cass,qkwgx8,3,Terro the Seeker,24,9.05M,0,0,6.76K,141.70K,3.47K,61.86K,46.31K,0,935.98K,301.56K,0,0,0,580.00K,0,0,0,0,0,0,0,0,0,336.6
cass,qkwgx8,4,Jukk the Overseer,24,9.05M,0,0,0,5.31K,13.15K,468.4,593.53K,0,0,0,650.50K,0,0,0,131.53K,0,4.71K,8.64K,0,0,0,0,0,112.2
cass,qkwgx8,1,Sterl the Unmaker,24,9.05M,0,0,0,0,2.16K,0,219.07K,0,0,959.79K,0,269.03K,0,300.77K,0,0,22.63K,0,168.3,374,0,710.6,0,19.46K
,,,,,,,,,,,,,,,,,,,,,,,,,,,,,
巨龍耀,gy32q78,0,Jukk the Overseer,15,8.96M,0,0,0,0,0,0,237.38K,501.05K,753.36K,684.51K,0,0,380.29K,0,3.01K,0,0,0,3.35K,0,0,0,0,0
巨龍耀,gy32q78,2,Jukk the Overseer,15,8.96M,0,0,0,0,0,0,0,0,0,0,0,0,0,0,0,0,0,0,0,0,0,0,0,0
巨龍耀,gy32q78,3,Terro the Seeker,15,8.96M,0,0,0,0,0,0,0,0,0,0,0,0,0,0,0,0,0,0,0,0,0,0,0,0
巨龍耀,gy32q78,4,Jukk the Overseer,15,8.96M,698.78K,718.43K,559.76K,552.87K,525.11K,205.67K,0,0,0,0,742.97K,0,0,0,608.73K,0,32.4,1.08K,275.4,0,0,0,0,0
巨龍耀,gy32q78,1,Sterl the Unmaker,15,8.96M,0,0,0,0,1.08M,0,162,0,0,706.62K,0,0,0,0,0,0,1.00K,0,4.71K,0,0,0,0,0
,,,,,,,,,,,,,,,,,,,,,,,,,,,,,
h2o,x8n4gy5,0,Jukk the Overseer,16,8.16M,0,193.88K,0,0,219.23K,2.10K,665.07K,310.48K,382.07K,0,345.76K,0,0,0,0,0,0,0,0,0,0,0,0,0
h2o,x8n4gy5,2,Jukk the Overseer,16,8.16M,281.56K,347.81K,721.16K,0,339.12K,1.67K,687.35K,350.76K,0,0,0,0,217.23K,0,0,0,0,0,193.2,0,0,0,0,0
h2o,x8n4gy5,3,Terro the Seeker,16,8.16M,358.59K,114.57K,0,0,0,0,172,0,0,0,0,0,0,0,0,746.81K,0,0,0,0,0,0,0,0
h2o,x8n4gy5,4,Jukk the Overseer,16,8.16M,0,0,0,0,0,0,0,0,0,0,0,0,0,0,0,0,0,0,0,0,0,0,0,0
h2o,x8n4gy5,1,Sterl the Unmaker,16,8.16M,548.54K,164.13K,0,0,0,0,0,1.17M,0,0,0,0,0,0,0,0,0,0,0,0,0,0,0,0
,,,,,,,,,,,,,,,,,,,,,,,,,,,,,
滑稽,8pd8kyb,0,Jukk the Overseer,8,7.44M,0,0,0,0,0,0,0,0,0,0,0,0,0,0,0,0,0,0,0,0,0,0,0,0
滑稽,8pd8kyb,2,Jukk the Overseer,8,7.44M,0,0,0,0,0,0,0,0,0,0,0,0,0,0,0,0,0,0,0,0,0,0,0,0
滑稽,8pd8kyb,3,Terro the Seeker,8,7.44M,0,0,773.80K,0,0,0,0,0,661.87K,2.32M,0,0,0,0,0,0,0,0,0,0,0,0,0,0
滑稽,8pd8kyb,4,Jukk the Overseer,8,7.44M,0,0,0,0,0,0,0,0,0,0,0,0,0,0,0,0,0,0,0,0,0,0,0,0
滑稽,8pd8kyb,1,Sterl the Unmaker,8,7.44M,0,0,0,877.76K,0,0,0,0,855.29K,1.41M,0,0,0,0,0,535.81K,0,0,0,0,0,0,0,0
,,,,,,,,,,,,,,,,,,,,,,,,,,,,,
小瑋,gm4bbey,0,Jukk the Overseer,12,6.41M,756.77K,372.49K,48.71K,401.24K,41.54K,68.37K,257.78K,202.43K,0,0,0,0,0,0,0,0,0,0,0,0,0,0,0,0
小瑋,gm4bbey,2,Jukk the Overseer,12,6.41M,893.48K,326.37K,0,281.26K,65.14K,111.91K,135.29K,252.53K,0,0,38.96K,0,0,0,0,0,0,0,0,0,0,0,0,0
小瑋,gm4bbey,3,Terro the Seeker,12,6.41M,0,0,51.72K,521.2,62.76K,0,63.60K,0,188.14K,78.00K,0,0,0,0,0,0,0,0,0,0,0,0,0,0
小瑋,gm4bbey,4,Jukk the Overseer,12,6.41M,458.92K,65.99K,39.32K,290.19K,23.60K,109.86K,62.57K,0,284.47K,260.10K,0,0,0,0,0,122.01K,0,0,0,0,0,0,0,0
小瑋,gm4bbey,1,Sterl the Unmaker,12,6.41M,0,0,0,0,0,0,0,0,0,0,0,0,0,0,0,0,0,0,0,0,0,0,0,0
,,,,,,,,,,,,,,,,,,,,,,,,,,,,,
Winnie,n8nxrk,0,Jukk the Overseer,13,6.20M,0,0,0,154.28K,175,149.39K,10.75K,57.98K,716.35K,718.31K,223.27K,0,0,0,0,0,0,0,0,0,0,0,0,0
Winnie,n8nxrk,2,Jukk the Overseer,13,6.20M,0,0,0,0,0,0,0,0,0,0,0,0,0,0,0,0,0,0,0,0,0,0,0,0
Winnie,n8nxrk,3,Terro the Seeker,13,6.20M,0,0,0,0,0,0,0,0,0,0,0,0,0,0,0,0,0,0,0,0,0,0,0,0
Winnie,n8nxrk,4,Jukk the Overseer,13,6.20M,674.60K,449.13K,296.15K,248.31K,14.90K,250.46K,32.01K,92.73K,0,0,0,0,0,0,0,0,0,0,0,0,0,0,0,0
Winnie,n8nxrk,1,Sterl the Unmaker,13,6.20M,840.88K,536.91K,89.44K,162.91K,11.94K,141.70K,59.59K,9.22K,0,263.43K,0,0,0,0,0,0,3.38K,0,927.5,0,0,0,0,581.5
,,,,,,,,,,,,,,,,,,,,,,,,,,,,,
《RG》XShazamnX,3n934pg,0,Jukk the Overseer,12,5.43M,0,0,0,0,0,0,0,0,0,0,0,0,0,0,0,0,0,0,0,0,0,0,0,0
《RG》XShazamnX,3n934pg,2,Jukk the Overseer,12,5.43M,979.86K,239.08K,483.08K,0,5.00K,0,0,0,0,1.25M,0,0,0,0,0,655.32K,549.5,0,0,0,0,0,0,0
《RG》XShazamnX,3n934pg,3,Terro the Seeker,12,5.43M,0,0,0,0,0,0,0,0,0,0,0,0,0,0,0,0,0,0,0,0,0,0,0,0
《RG》XShazamnX,3n934pg,4,Jukk the Overseer,12,5.43M,0,0,0,0,0,0,0,0,0,0,0,0,0,0,0,0,0,0,0,0,0,0,0,0
《RG》XShazamnX,3n934pg,1,Sterl the Unmaker,12,5.43M,747.44K,557.94K,355.58K,0,125.61K,0,0,0,0,0,26.93K,0,0,0,0,0,0,0,0,0,0,0,0,0
,,,,,,,,,,,,,,,,,,,,,,,,,,,,,
,,,,,,,,,,,,,,,,,,,,,,,,,,,,,
,,,,,,,,,,,,,,,,,,,,,,,,,,,,,
,,,,,,,,,,,,,,,,,,,,,,,,,,,,,
,,,,,,,,,,,,,,,,,,,,,,,,,,,,,
,,,,,,,,,,,,,,,,,,,,,,,,,,,,,
,,,,,,,,,,,,,,,,,,,,,,,,,,,,,
,,,,,,,,,,,,,,,,,,,,,,,,,,,,,
,,,,,,,,,,,,,,,,,,,,,,,,,,,,,
,,,,,,,,,,,,,,,,,,,,,,,,,,,,,
,,,,,,,,,,,,,,,,,,,,,,,,,,,,,
,,,,,,,,,,,,,,,,,,,,,,,,,,,,,
,,,,,,,,,,,,,,,,,,,,,,,,,,,,,
,,,,,,,,,,,,,,,,,,,,,,,,,,,,,
,,,,,,,,,,,,,,,,,,,,,,,,,,,,,
,,,,,,,,,,,,,,,,,,,,,,,,,,,,,
,,,,,,,,,,,,,,,,,,,,,,,,,,,,,
,,,,,,,,,,,,,,,,,,,,,,,,,,,,,
,,,,,,,,,,,,,,,,,,,,,,,,,,,,,
,,,,,,,,,,,,,,,,,,,,,,,,,,,,,
,,,,,,,,,,,,,,,,,,,,,,,,,,,,,
,,,,,,,,,,,,,,,,,,,,,,,,,,,,,
,,,,,,,,,,,,,,,,,,,,,,,,,,,,,
,,,,,,,,,,,,,,,,,,,,,,,,,,,,,
,,,,,,,,,,,,,,,,,,,,,,,,,,,,,
,,,,,,,,,,,,,,,,,,,,,,,,,,,,,
,,,,,,,,,,,,,,,,,,,,,,,,,,,,,
,,,,,,,,,,,,,,,,,,,,,,,,,,,,,
,,,,,,,,,,,,,,,,,,,,,,,,,,,,,
,,,,,,,,,,,,,,,,,,,,,,,,,,,,,
,,,,,,,,,,,,,,,,,,,,,,,,,,,,,
,,,,,,,,,,,,,,,,,,,,,,,,,,,,,
,,,,,,,,,,,,,,,,,,,,,,,,,,,,,
,,,,,,,,,,,,,,,,,,,,,,,,,,,,,
,,,,,,,,,,,,,,,,,,,,,,,,,,,,,
,,,,,,,,,,,,,,,,,,,,,,,,,,,,,
,,,,,,,,,,,,,,,,,,,,,,,,,,,,,
,,,,,,,,,,,,,,,,,,,,,,,,,,,,,
,,,,,,,,,,,,,,,,,,,,,,,,,,,,,
,,,,,,,,,,,,,,,,,,,,,,,,,,,,,
,,,,,,,,,,,,,,,,,,,,,,,,,,,,,
,,,,,,,,,,,,,,,,,,,,,,,,,,,,,
,,,,,,,,,,,,,,,,,,,,,,,,,,,,,
,,,,,,,,,,,,,,,,,,,,,,,,,,,,,
,,,,,,,,,,,,,,,,,,,,,,,,,,,,,
,,,,,,,,,,,,,,,,,,,,,,,,,,,,,
,,,,,,,,,,,,,,,,,,,,,,,,,,,,,
,,,,,,,,,,,,,,,,,,,,,,,,,,,,,
,,,,,,,,,,,,,,,,,,,,,,,,,,,,,
,,,,,,,,,,,,,,,,,,,,,,,,,,,,,
,,,,,,,,,,,,,,,,,,,,,,,,,,,,,
,,,,,,,,,,,,,,,,,,,,,,,,,,,,,
,,,,,,,,,,,,,,,,,,,,,,,,,,,,,
,,,,,,,,,,,,,,,,,,,,,,,,,,,,,
,,,,,,,,,,,,,,,,,,,,,,,,,,,,,
,,,,,,,,,,,,,,,,,,,,,,,,,,,,,
,,,,,,,,,,,,,,,,,,,,,,,,,,,,,
,,,,,,,,,,,,,,,,,,,,,,,,,,,,,
,,,,,,,,,,,,,,,,,,,,,,,,,,,,,
,,,,,,,,,,,,,,,,,,,,,,,,,,,,,
,,,,,,,,,,,,,,,,,,,,,,,,,,,,,
,,,,,,,,,,,,,,,,,,,,,,,,,,,,,
,,,,,,,,,,,,,,,,,,,,,,,,,,,,,
,,,,,,,,,,,,,,,,,,,,,,,,,,,,,
,,,,,,,,,,,,,,,,,,,,,,,,,,,,,
,,,,,,,,,,,,,,,,,,,,,,,,,,,,,
,,,,,,,,,,,,,,,,,,,,,,,,,,,,,
,,,,,,,,,,,,,,,,,,,,,,,,,,,,,
,,,,,,,,,,,,,,,,,,,,,,,,,,,,,
,,,,,,,,,,,,,,,,,,,,,,,,,,,,,
,,,,,,,,,,,,,,,,,,,,,,,,,,,,,
,,,,,,,,,,,,,,,,,,,,,,,,,,,,,
,,,,,,,,,,,,,,,,,,,,,,,,,,,,,
,,,,,,,,,,,,,,,,,,,,,,,,,,,,,
,,,,,,,,,,,,,,,,,,,,,,,,,,,,,
,,,,,,,,,,,,,,,,,,,,,,,,,,,,,
,,,,,,,,,,,,,,,,,,,,,,,,,,,,,
,,,,,,,,,,,,,,,,,,,,,,,,,,,,,
,,,,,,,,,,,,,,,,,,,,,,,,,,,,,
,,,,,,,,,,,,,,,,,,,,,,,,,,,,,
,,,,,,,,,,,,,,,,,,,,,,,,,,,,,
,,,,,,,,,,,,,,,,,,,,,,,,,,,,,
,,,,,,,,,,,,,,,,,,,,,,,,,,,,,
,,,,,,,,,,,,,,,,,,,,,,,,,,,,,
,,,,,,,,,,,,,,,,,,,,,,,,,,,,,
,,,,,,,,,,,,,,,,,,,,,,,,,,,,,
,,,,,,,,,,,,,,,,,,,,,,,,,,,,,
,,,,,,,,,,,,,,,,,,,,,,,,,,,,,
,,,,,,,,,,,,,,,,,,,,,,,,,,,,,
,,,,,,,,,,,,,,,,,,,,,,,,,,,,,
,,,,,,,,,,,,,,,,,,,,,,,,,,,,,
,,,,,,,,,,,,,,,,,,,,,,,,,,,,,
,,,,,,,,,,,,,,,,,,,,,,,,,,,,,
,,,,,,,,,,,,,,,,,,,,,,,,,,,,,
,,,,,,,,,,,,,,,,,,,,,,,,,,,,,
,,,,,,,,,,,,,,,,,,,,,,,,,,,,,
,,,,,,,,,,,,,,,,,,,,,,,,,,,,,
,,,,,,,,,,,,,,,,,,,,,,,,,,,,,
,,,,,,,,,,,,,,,,,,,,,,,,,,,,,
,,,,,,,,,,,,,,,,,,,,,,,,,,,,,
,,,,,,,,,,,,,,,,,,,,,,,,,,,,,
,,,,,,,,,,,,,,,,,,,,,,,,,,,,,
,,,,,,,,,,,,,,,,,,,,,,,,,,,,,
,,,,,,,,,,,,,,,,,,,,,,,,,,,,,
,,,,,,,,,,,,,,,,,,,,,,,,,,,,,
,,,,,,,,,,,,,,,,,,,,,,,,,,,,,
,,,,,,,,,,,,,,,,,,,,,,,,,,,,,
,,,,,,,,,,,,,,,,,,,,,,,,,,,,,
,,,,,,,,,,,,,,,,,,,,,,,,,,,,,
,,,,,,,,,,,,,,,,,,,,,,,,,,,,,
,,,,,,,,,,,,,,,,,,,,,,,,,,,,,
,,,,,,,,,,,,,,,,,,,,,,,,,,,,,
,,,,,,,,,,,,,,,,,,,,,,,,,,,,,
,,,,,,,,,,,,,,,,,,,,,,,,,,,,,
,,,,,,,,,,,,,,,,,,,,,,,,,,,,,
,,,,,,,,,,,,,,,,,,,,,,,,,,,,,
,,,,,,,,,,,,,,,,,,,,,,,,,,,,,
,,,,,,,,,,,,,,,,,,,,,,,,,,,,,
,,,,,,,,,,,,,,,,,,,,,,,,,,,,,
,,,,,,,,,,,,,,,,,,,,,,,,,,,,,
,,,,,,,,,,,,,,,,,,,,,,,,,,,,,
,,,,,,,,,,,,,,,,,,,,,,,,,,,,,
,,,,,,,,,,,,,,,,,,,,,,,,,,,,,
,,,,,,,,,,,,,,,,,,,,,,,,,,,,,
,,,,,,,,,,,,,,,,,,,,,,,,,,,,,
,,,,,,,,,,,,,,,,,,,,,,,,,,,,,
,,,,,,,,,,,,,,,,,,,,,,,,,,,,,
,,,,,,,,,,,,,,,,,,,,,,,,,,,,,
,,,,,,,,,,,,,,,,,,,,,,,,,,,,,
,,,,,,,,,,,,,,,,,,,,,,,,,,,,,
,,,,,,,,,,,,,,,,,,,,,,,,,,,,,
,,,,,,,,,,,,,,,,,,,,,,,,,,,,,
,,,,,,,,,,,,,,,,,,,,,,,,,,,,,
,,,,,,,,,,,,,,,,,,,,,,,,,,,,,
,,,,,,,,,,,,,,,,,,,,,,,,,,,,,
,,,,,,,,,,,,,,,,,,,,,,,,,,,,,
,,,,,,,,,,,,,,,,,,,,,,,,,,,,,
,,,,,,,,,,,,,,,,,,,,,,,,,,,,,
,,,,,,,,,,,,,,,,,,,,,,,,,,,,,
,,,,,,,,,,,,,,,,,,,,,,,,,,,,,
,,,,,,,,,,,,,,,,,,,,,,,,,,,,,
,,,,,,,,,,,,,,,,,,,,,,,,,,,,,
,,,,,,,,,,,,,,,,,,,,,,,,,,,,,
,,,,,,,,,,,,,,,,,,,,,,,,,,,,,
,,,,,,,,,,,,,,,,,,,,,,,,,,,,,
,,,,,,,,,,,,,,,,,,,,,,,,,,,,,
,,,,,,,,,,,,,,,,,,,,,,,,,,,,,
,,,,,,,,,,,,,,,,,,,,,,,,,,,,,
,,,,,,,,,,,,,,,,,,,,,,,,,,,,,
,,,,,,,,,,,,,,,,,,,,,,,,,,,,,
,,,,,,,,,,,,,,,,,,,,,,,,,,,,,
,,,,,,,,,,,,,,,,,,,,,,,,,,,,,
,,,,,,,,,,,,,,,,,,,,,,,,,,,,,
,,,,,,,,,,,,,,,,,,,,,,,,,,,,,
,,,,,,,,,,,,,,,,,,,,,,,,,,,,,
,,,,,,,,,,,,,,,,,,,,,,,,,,,,,
,,,,,,,,,,,,,,,,,,,,,,,,,,,,,
,,,,,,,,,,,,,,,,,,,,,,,,,,,,,
,,,,,,,,,,,,,,,,,,,,,,,,,,,,,
,,,,,,,,,,,,,,,,,,,,,,,,,,,,,
,,,,,,,,,,,,,,,,,,,,,,,,,,,,,
,,,,,,,,,,,,,,,,,,,,,,,,,,,,,
,,,,,,,,,,,,,,,,,,,,,,,,,,,,,
,,,,,,,,,,,,,,,,,,,,,,,,,,,,,
,,,,,,,,,,,,,,,,,,,,,,,,,,,,,
,,,,,,,,,,,,,,,,,,,,,,,,,,,,,
,,,,,,,,,,,,,,,,,,,,,,,,,,,,,
,,,,,,,,,,,,,,,,,,,,,,,,,,,,,
,,,,,,,,,,,,,,,,,,,,,,,,,,,,,
,,,,,,,,,,,,,,,,,,,,,,,,,,,,,
,,,,,,,,,,,,,,,,,,,,,,,,,,,,,
,,,,,,,,,,,,,,,,,,,,,,,,,,,,,
,,,,,,,,,,,,,,,,,,,,,,,,,,,,,
,,,,,,,,,,,,,,,,,,,,,,,,,,,,,
,,,,,,,,,,,,,,,,,,,,,,,,,,,,,
,,,,,,,,,,,,,,,,,,,,,,,,,,,,,
,,,,,,,,,,,,,,,,,,,,,,,,,,,,,
,,,,,,,,,,,,,,,,,,,,,,,,,,,,,
,,,,,,,,,,,,,,,,,,,,,,,,,,,,,
,,,,,,,,,,,,,,,,,,,,,,,,,,,,,
,,,,,,,,,,,,,,,,,,,,,,,,,,,,,
,,,,,,,,,,,,,,,,,,,,,,,,,,,,,
,,,,,,,,,,,,,,,,,,,,,,,,,,,,,
,,,,,,,,,,,,,,,,,,,,,,,,,,,,,
,,,,,,,,,,,,,,,,,,,,,,,,,,,,,
,,,,,,,,,,,,,,,,,,,,,,,,,,,,,
,,,,,,,,,,,,,,,,,,,,,,,,,,,,,
,,,,,,,,,,,,,,,,,,,,,,,,,,,,,
,,,,,,,,,,,,,,,,,,,,,,,,,,,,,
,,,,,,,,,,,,,,,,,,,,,,,,,,,,,
,,,,,,,,,,,,,,,,,,,,,,,,,,,,,
,,,,,,,,,,,,,,,,,,,,,,,,,,,,,
,,,,,,,,,,,,,,,,,,,,,,,,,,,,,
,,,,,,,,,,,,,,,,,,,,,,,,,,,,,
,,,,,,,,,,,,,,,,,,,,,,,,,,,,,
,,,,,,,,,,,,,,,,,,,,,,,,,,,,,
,,,,,,,,,,,,,,,,,,,,,,,,,,,,,
,,,,,,,,,,,,,,,,,,,,,,,,,,,,,
,,,,,,,,,,,,,,,,,,,,,,,,,,,,,
,,,,,,,,,,,,,,,,,,,,,,,,,,,,,
,,,,,,,,,,,,,,,,,,,,,,,,,,,,,
,,,,,,,,,,,,,,,,,,,,,,,,,,,,,
,,,,,,,,,,,,,,,,,,,,,,,,,,,,,
,,,,,,,,,,,,,,,,,,,,,,,,,,,,,
,,,,,,,,,,,,,,,,,,,,,,,,,,,,,
,,,,,,,,,,,,,,,,,,,,,,,,,,,,,
,,,,,,,,,,,,,,,,,,,,,,,,,,,,,
,,,,,,,,,,,,,,,,,,,,,,,,,,,,,
,,,,,,,,,,,,,,,,,,,,,,,,,,,,,
,,,,,,,,,,,,,,,,,,,,,,,,,,,,,
,,,,,,,,,,,,,,,,,,,,,,,,,,,,,
,,,,,,,,,,,,,,,,,,,,,,,,,,,,,
,,,,,,,,,,,,,,,,,,,,,,,,,,,,,
,,,,,,,,,,,,,,,,,,,,,,,,,,,,,
,,,,,,,,,,,,,,,,,,,,,,,,,,,,,
,,,,,,,,,,,,,,,,,,,,,,,,,,,,,
,,,,,,,,,,,,,,,,,,,,,,,,,,,,,
,,,,,,,,,,,,,,,,,,,,,,,,,,,,,
,,,,,,,,,,,,,,,,,,,,,,,,,,,,,
,,,,,,,,,,,,,,,,,,,,,,,,,,,,,
,,,,,,,,,,,,,,,,,,,,,,,,,,,,,
,,,,,,,,,,,,,,,,,,,,,,,,,,,,,
,,,,,,,,,,,,,,,,,,,,,,,,,,,,,
,,,,,,,,,,,,,,,,,,,,,,,,,,,,,
,,,,,,,,,,,,,,,,,,,,,,,,,,,,,
,,,,,,,,,,,,,,,,,,,,,,,,,,,,,
,,,,,,,,,,,,,,,,,,,,,,,,,,,,,
,,,,,,,,,,,,,,,,,,,,,,,,,,,,,
,,,,,,,,,,,,,,,,,,,,,,,,,,,,,
,,,,,,,,,,,,,,,,,,,,,,,,,,,,,
,,,,,,,,,,,,,,,,,,,,,,,,,,,,,
,,,,,,,,,,,,,,,,,,,,,,,,,,,,,
,,,,,,,,,,,,,,,,,,,,,,,,,,,,,
,,,,,,,,,,,,,,,,,,,,,,,,,,,,,
,,,,,,,,,,,,,,,,,,,,,,,,,,,,,
,,,,,,,,,,,,,,,,,,,,,,,,,,,,,
,,,,,,,,,,,,,,,,,,,,,,,,,,,,,
,,,,,,,,,,,,,,,,,,,,,,,,,,,,,
,,,,,,,,,,,,,,,,,,,,,,,,,,,,,
,,,,,,,,,,,,,,,,,,,,,,,,,,,,,
,,,,,,,,,,,,,,,,,,,,,,,,,,,,,
,,,,,,,,,,,,,,,,,,,,,,,,,,,,,
,,,,,,,,,,,,,,,,,,,,,,,,,,,,,
,,,,,,,,,,,,,,,,,,,,,,,,,,,,,
,,,,,,,,,,,,,,,,,,,,,,,,,,,,,
,,,,,,,,,,,,,,,,,,,,,,,,,,,,,
,,,,,,,,,,,,,,,,,,,,,,,,,,,,,
,,,,,,,,,,,,,,,,,,,,,,,,,,,,,
,,,,,,,,,,,,,,,,,,,,,,,,,,,,,
,,,,,,,,,,,,,,,,,,,,,,,,,,,,,
,,,,,,,,,,,,,,,,,,,,,,,,,,,,,
,,,,,,,,,,,,,,,,,,,,,,,,,,,,,
,,,,,,,,,,,,,,,,,,,,,,,,,,,,,
,,,,,,,,,,,,,,,,,,,,,,,,,,,,,
,,,,,,,,,,,,,,,,,,,,,,,,,,,,,
,,,,,,,,,,,,,,,,,,,,,,,,,,,,,
,,,,,,,,,,,,,,,,,,,,,,,,,,,,,
,,,,,,,,,,,,,,,,,,,,,,,,,,,,,
,,,,,,,,,,,,,,,,,,,,,,,,,,,,,
,,,,,,,,,,,,,,,,,,,,,,,,,,,,,
,,,,,,,,,,,,,,,,,,,,,,,,,,,,,
,,,,,,,,,,,,,,,,,,,,,,,,,,,,,
,,,,,,,,,,,,,,,,,,,,,,,,,,,,,
,,,,,,,,,,,,,,,,,,,,,,,,,,,,,
,,,,,,,,,,,,,,,,,,,,,,,,,,,,,
,,,,,,,,,,,,,,,,,,,,,,,,,,,,,
,,,,,,,,,,,,,,,,,,,,,,,,,,,,,
,,,,,,,,,,,,,,,,,,,,,,,,,,,,,
,,,,,,,,,,,,,,,,,,,,,,,,,,,,,
,,,,,,,,,,,,,,,,,,,,,,,,,,,,,
,,,,,,,,,,,,,,,,,,,,,,,,,,,,,
,,,,,,,,,,,,,,,,,,,,,,,,,,,,,
,,,,,,,,,,,,,,,,,,,,,,,,,,,,,
,,,,,,,,,,,,,,,,,,,,,,,,,,,,,
,,,,,,,,,,,,,,,,,,,,,,,,,,,,,
,,,,,,,,,,,,,,,,,,,,,,,,,,,,,
,,,,,,,,,,,,,,,,,,,,,,,,,,,,,
,,,,,,,,,,,,,,,,,,,,,,,,,,,,,
,,,,,,,,,,,,,,,,,,,,,,,,,,,,,
,,,,,,,,,,,,,,,,,,,,,,,,,,,,,
,,,,,,,,,,,,,,,,,,,,,,,,,,,,,
,,,,,,,,,,,,,,,,,,,,,,,,,,,,,
,,,,,,,,,,,,,,,,,,,,,,,,,,,,,
,,,,,,,,,,,,,,,,,,,,,,,,,,,,,
,,,,,,,,,,,,,,,,,,,,,,,,,,,,,
,,,,,,,,,,,,,,,,,,,,,,,,,,,,,
,,,,,,,,,,,,,,,,,,,,,,,,,,,,,
,,,,,,,,,,,,,,,,,,,,,,,,,,,,,
,,,,,,,,,,,,,,,,,,,,,,,,,,,,,
,,,,,,,,,,,,,,,,,,,,,,,,,,,,,
,,,,,,,,,,,,,,,,,,,,,,,,,,,,,
,,,,,,,,,,,,,,,,,,,,,,,,,,,,,
,,,,,,,,,,,,,,,,,,,,,,,,,,,,,
,,,,,,,,,,,,,,,,,,,,,,,,,,,,,
,,,,,,,,,,,,,,,,,,,,,,,,,,,,,
,,,,,,,,,,,,,,,,,,,,,,,,,,,,,
,,,,,,,,,,,,,,,,,,,,,,,,,,,,,
,,,,,,,,,,,,,,,,,,,,,,,,,,,,,
,,,,,,,,,,,,,,,,,,,,,,,,,,,,,
,,,,,,,,,,,,,,,,,,,,,,,,,,,,,
,,,,,,,,,,,,,,,,,,,,,,,,,,,,,
,,,,,,,,,,,,,,,,,,,,,,,,,,,,,
,,,,,,,,,,,,,,,,,,,,,,,,,,,,,
,,,,,,,,,,,,,,,,,,,,,,,,,,,,,
,,,,,,,,,,,,,,,,,,,,,,,,,,,,,
,,,,,,,,,,,,,,,,,,,,,,,,,,,,,
,,,,,,,,,,,,,,,,,,,,,,,,,,,,,
,,,,,,,,,,,,,,,,,,,,,,,,,,,,,
,,,,,,,,,,,,,,,,,,,,,,,,,,,,,
,,,,,,,,,,,,,,,,,,,,,,,,,,,,,
,,,,,,,,,,,,,,,,,,,,,,,,,,,,,
,,,,,,,,,,,,,,,,,,,,,,,,,,,,,
,,,,,,,,,,,,,,,,,,,,,,,,,,,,,
,,,,,,,,,,,,,,,,,,,,,,,,,,,,,
,,,,,,,,,,,,,,,,,,,,,,,,,,,,,
,,,,,,,,,,,,,,,,,,,,,,,,,,,,,
,,,,,,,,,,,,,,,,,,,,,,,,,,,,,
,,,,,,,,,,,,,,,,,,,,,,,,,,,,,
,,,,,,,,,,,,,,,,,,,,,,,,,,,,,
,,,,,,,,,,,,,,,,,,,,,,,,,,,,,
,,,,,,,,,,,,,,,,,,,,,,,,,,,,,
,,,,,,,,,,,,,,,,,,,,,,,,,,,,,
,,,,,,,,,,,,,,,,,,,,,,,,,,,,,
,,,,,,,,,,,,,,,,,,,,,,,,,,,,,
,,,,,,,,,,,,,,,,,,,,,,,,,,,,,
,,,,,,,,,,,,,,,,,,,,,,,,,,,,,
,,,,,,,,,,,,,,,,,,,,,,,,,,,,,
,,,,,,,,,,,,,,,,,,,,,,,,,,,,,
,,,,,,,,,,,,,,,,,,,,,,,,,,,,,
,,,,,,,,,,,,,,,,,,,,,,,,,,,,,
,,,,,,,,,,,,,,,,,,,,,,,,,,,,,
,,,,,,,,,,,,,,,,,,,,,,,,,,,,,
,,,,,,,,,,,,,,,,,,,,,,,,,,,,,
,,,,,,,,,,,,,,,,,,,,,,,,,,,,,
,,,,,,,,,,,,,,,,,,,,,,,,,,,,,
,,,,,,,,,,,,,,,,,,,,,,,,,,,,,
,,,,,,,,,,,,,,,,,,,,,,,,,,,,,
,,,,,,,,,,,,,,,,,,,,,,,,,,,,,
,,,,,,,,,,,,,,,,,,,,,,,,,,,,,
,,,,,,,,,,,,,,,,,,,,,,,,,,,,,
,,,,,,,,,,,,,,,,,,,,,,,,,,,,,
,,,,,,,,,,,,,,,,,,,,,,,,,,,,,
,,,,,,,,,,,,,,,,,,,,,,,,,,,,,
,,,,,,,,,,,,,,,,,,,,,,,,,,,,,
,,,,,,,,,,,,,,,,,,,,,,,,,,,,,
,,,,,,,,,,,,,,,,,,,,,,,,,,,,,
,,,,,,,,,,,,,,,,,,,,,,,,,,,,,
,,,,,,,,,,,,,,,,,,,,,,,,,,,,,
,,,,,,,,,,,,,,,,,,,,,,,,,,,,,
,,,,,,,,,,,,,,,,,,,,,,,,,,,,,
,,,,,,,,,,,,,,,,,,,,,,,,,,,,,
,,,,,,,,,,,,,,,,,,,,,,,,,,,,,
,,,,,,,,,,,,,,,,,,,,,,,,,,,,,
,,,,,,,,,,,,,,,,,,,,,,,,,,,,,
,,,,,,,,,,,,,,,,,,,,,,,,,,,,,
,,,,,,,,,,,,,,,,,,,,,,,,,,,,,
,,,,,,,,,,,,,,,,,,,,,,,,,,,,,
,,,,,,,,,,,,,,,,,,,,,,,,,,,,,
,,,,,,,,,,,,,,,,,,,,,,,,,,,,,
,,,,,,,,,,,,,,,,,,,,,,,,,,,,,
,,,,,,,,,,,,,,,,,,,,,,,,,,,,,
,,,,,,,,,,,,,,,,,,,,,,,,,,,,,
,,,,,,,,,,,,,,,,,,,,,,,,,,,,,
,,,,,,,,,,,,,,,,,,,,,,,,,,,,,
,,,,,,,,,,,,,,,,,,,,,,,,,,,,,
,,,,,,,,,,,,,,,,,,,,,,,,,,,,,
,,,,,,,,,,,,,,,,,,,,,,,,,,,,,
,,,,,,,,,,,,,,,,,,,,,,,,,,,,,
,,,,,,,,,,,,,,,,,,,,,,,,,,,,,
,,,,,,,,,,,,,,,,,,,,,,,,,,,,,
,,,,,,,,,,,,,,,,,,,,,,,,,,,,,
,,,,,,,,,,,,,,,,,,,,,,,,,,,,,
,,,,,,,,,,,,,,,,,,,,,,,,,,,,,
,,,,,,,,,,,,,,,,,,,,,,,,,,,,,
,,,,,,,,,,,,,,,,,,,,,,,,,,,,,
,,,,,,,,,,,,,,,,,,,,,,,,,,,,,
,,,,,,,,,,,,,,,,,,,,,,,,,,,,,
,,,,,,,,,,,,,,,,,,,,,,,,,,,,,
,,,,,,,,,,,,,,,,,,,,,,,,,,,,,
,,,,,,,,,,,,,,,,,,,,,,,,,,,,,
,,,,,,,,,,,,,,,,,,,,,,,,,,,,,
,,,,,,,,,,,,,,,,,,,,,,,,,,,,,
,,,,,,,,,,,,,,,,,,,,,,,,,,,,,
,,,,,,,,,,,,,,,,,,,,,,,,,,,,,
,,,,,,,,,,,,,,,,,,,,,,,,,,,,,
,,,,,,,,,,,,,,,,,,,,,,,,,,,,,
,,,,,,,,,,,,,,,,,,,,,,,,,,,,,
,,,,,,,,,,,,,,,,,,,,,,,,,,,,,
,,,,,,,,,,,,,,,,,,,,,,,,,,,,,
,,,,,,,,,,,,,,,,,,,,,,,,,,,,,
,,,,,,,,,,,,,,,,,,,,,,,,,,,,,
,,,,,,,,,,,,,,,,,,,,,,,,,,,,,
,,,,,,,,,,,,,,,,,,,,,,,,,,,,,
,,,,,,,,,,,,,,,,,,,,,,,,,,,,,
,,,,,,,,,,,,,,,,,,,,,,,,,,,,,
,,,,,,,,,,,,,,,,,,,,,,,,,,,,,
,,,,,,,,,,,,,,,,,,,,,,,,,,,,,
,,,,,,,,,,,,,,,,,,,,,,,,,,,,,
,,,,,,,,,,,,,,,,,,,,,,,,,,,,,
,,,,,,,,,,,,,,,,,,,,,,,,,,,,,
,,,,,,,,,,,,,,,,,,,,,,,,,,,,,
,,,,,,,,,,,,,,,,,,,,,,,,,,,,,
,,,,,,,,,,,,,,,,,,,,,,,,,,,,,
,,,,,,,,,,,,,,,,,,,,,,,,,,,,,
,,,,,,,,,,,,,,,,,,,,,,,,,,,,,
,,,,,,,,,,,,,,,,,,,,,,,,,,,,,
,,,,,,,,,,,,,,,,,,,,,,,,,,,,,
,,,,,,,,,,,,,,,,,,,,,,,,,,,,,
,,,,,,,,,,,,,,,,,,,,,,,,,,,,,
,,,,,,,,,,,,,,,,,,,,,,,,,,,,,
,,,,,,,,,,,,,,,,,,,,,,,,,,,,,
,,,,,,,,,,,,,,,,,,,,,,,,,,,,,
,,,,,,,,,,,,,,,,,,,,,,,,,,,,,
,,,,,,,,,,,,,,,,,,,,,,,,,,,,,
,,,,,,,,,,,,,,,,,,,,,,,,,,,,,
,,,,,,,,,,,,,,,,,,,,,,,,,,,,,
,,,,,,,,,,,,,,,,,,,,,,,,,,,,,
,,,,,,,,,,,,,,,,,,,,,,,,,,,,,
,,,,,,,,,,,,,,,,,,,,,,,,,,,,,
,,,,,,,,,,,,,,,,,,,,,,,,,,,,,
,,,,,,,,,,,,,,,,,,,,,,,,,,,,,
,,,,,,,,,,,,,,,,,,,,,,,,,,,,,
,,,,,,,,,,,,,,,,,,,,,,,,,,,,,
,,,,,,,,,,,,,,,,,,,,,,,,,,,,,
,,,,,,,,,,,,,,,,,,,,,,,,,,,,,
,,,,,,,,,,,,,,,,,,,,,,,,,,,,,
,,,,,,,,,,,,,,,,,,,,,,,,,,,,,
,,,,,,,,,,,,,,,,,,,,,,,,,,,,,
,,,,,,,,,,,,,,,,,,,,,,,,,,,,,
,,,,,,,,,,,,,,,,,,,,,,,,,,,,,
,,,,,,,,,,,,,,,,,,,,,,,,,,,,,
,,,,,,,,,,,,,,,,,,,,,,,,,,,,,
,,,,,,,,,,,,,,,,,,,,,,,,,,,,,
,,,,,,,,,,,,,,,,,,,,,,,,,,,,,
,,,,,,,,,,,,,,,,,,,,,,,,,,,,,
,,,,,,,,,,,,,,,,,,,,,,,,,,,,,
,,,,,,,,,,,,,,,,,,,,,,,,,,,,,
,,,,,,,,,,,,,,,,,,,,,,,,,,,,,
,,,,,,,,,,,,,,,,,,,,,,,,,,,,,
,,,,,,,,,,,,,,,,,,,,,,,,,,,,,
,,,,,,,,,,,,,,,,,,,,,,,,,,,,,
,,,,,,,,,,,,,,,,,,,,,,,,,,,,,
,,,,,,,,,,,,,,,,,,,,,,,,,,,,,
,,,,,,,,,,,,,,,,,,,,,,,,,,,,,
,,,,,,,,,,,,,,,,,,,,,,,,,,,,,
,,,,,,,,,,,,,,,,,,,,,,,,,,,,,
,,,,,,,,,,,,,,,,,,,,,,,,,,,,,
,,,,,,,,,,,,,,,,,,,,,,,,,,,,,
,,,,,,,,,,,,,,,,,,,,,,,,,,,,,
,,,,,,,,,,,,,,,,,,,,,,,,,,,,,
,,,,,,,,,,,,,,,,,,,,,,,,,,,,,
,,,,,,,,,,,,,,,,,,,,,,,,,,,,,
,,,,,,,,,,,,,,,,,,,,,,,,,,,,,
,,,,,,,,,,,,,,,,,,,,,,,,,,,,,
,,,,,,,,,,,,,,,,,,,,,,,,,,,,,
,,,,,,,,,,,,,,,,,,,,,,,,,,,,,
,,,,,,,,,,,,,,,,,,,,,,,,,,,,,
,,,,,,,,,,,,,,,,,,,,,,,,,,,,,
,,,,,,,,,,,,,,,,,,,,,,,,,,,,,
,,,,,,,,,,,,,,,,,,,,,,,,,,,,,
,,,,,,,,,,,,,,,,,,,,,,,,,,,,,
,,,,,,,,,,,,,,,,,,,,,,,,,,,,,
,,,,,,,,,,,,,,,,,,,,,,,,,,,,,
,,,,,,,,,,,,,,,,,,,,,,,,,,,,,
,,,,,,,,,,,,,,,,,,,,,,,,,,,,,
,,,,,,,,,,,,,,,,,,,,,,,,,,,,,
,,,,,,,,,,,,,,,,,,,,,,,,,,,,,
,,,,,,,,,,,,,,,,,,,,,,,,,,,,,
,,,,,,,,,,,,,,,,,,,,,,,,,,,,,
,,,,,,,,,,,,,,,,,,,,,,,,,,,,,
,,,,,,,,,,,,,,,,,,,,,,,,,,,,,
,,,,,,,,,,,,,,,,,,,,,,,,,,,,,
,,,,,,,,,,,,,,,,,,,,,,,,,,,,,
,,,,,,,,,,,,,,,,,,,,,,,,,,,,,
,,,,,,,,,,,,,,,,,,,,,,,,,,,,,
,,,,,,,,,,,,,,,,,,,,,,,,,,,,,
,,,,,,,,,,,,,,,,,,,,,,,,,,,,,
,,,,,,,,,,,,,,,,,,,,,,,,,,,,,
,,,,,,,,,,,,,,,,,,,,,,,,,,,,,
,,,,,,,,,,,,,,,,,,,,,,,,,,,,,
,,,,,,,,,,,,,,,,,,,,,,,,,,,,,
,,,,,,,,,,,,,,,,,,,,,,,,,,,,,
,,,,,,,,,,,,,,,,,,,,,,,,,,,,,
,,,,,,,,,,,,,,,,,,,,,,,,,,,,,
,,,,,,,,,,,,,,,,,,,,,,,,,,,,,
,,,,,,,,,,,,,,,,,,,,,,,,,,,,,
,,,,,,,,,,,,,,,,,,,,,,,,,,,,,
,,,,,,,,,,,,,,,,,,,,,,,,,,,,,
,,,,,,,,,,,,,,,,,,,,,,,,,,,,,
,,,,,,,,,,,,,,,,,,,,,,,,,,,,,
,,,,,,,,,,,,,,,,,,,,,,,,,,,,,
,,,,,,,,,,,,,,,,,,,,,,,,,,,,,
,,,,,,,,,,,,,,,,,,,,,,,,,,,,,
,,,,,,,,,,,,,,,,,,,,,,,,,,,,,
,,,,,,,,,,,,,,,,,,,,,,,,,,,,,
,,,,,,,,,,,,,,,,,,,,,,,,,,,,,
,,,,,,,,,,,,,,,,,,,,,,,,,,,,,
,,,,,,,,,,,,,,,,,,,,,,,,,,,,,
,,,,,,,,,,,,,,,,,,,,,,,,,,,,,
,,,,,,,,,,,,,,,,,,,,,,,,,,,,,
,,,,,,,,,,,,,,,,,,,,,,,,,,,,,
,,,,,,,,,,,,,,,,,,,,,,,,,,,,,
,,,,,,,,,,,,,,,,,,,,,,,,,,,,,
,,,,,,,,,,,,,,,,,,,,,,,,,,,,,
,,,,,,,,,,,,,,,,,,,,,,,,,,,,,
,,,,,,,,,,,,,,,,,,,,,,,,,,,,,
,,,,,,,,,,,,,,,,,,,,,,,,,,,,,
,,,,,,,,,,,,,,,,,,,,,,,,,,,,,
,,,,,,,,,,,,,,,,,,,,,,,,,,,,,
,,,,,,,,,,,,,,,,,,,,,,,,,,,,,
,,,,,,,,,,,,,,,,,,,,,,,,,,,,,
,,,,,,,,,,,,,,,,,,,,,,,,,,,,,
,,,,,,,,,,,,,,,,,,,,,,,,,,,,,
,,,,,,,,,,,,,,,,,,,,,,,,,,,,,
,,,,,,,,,,,,,,,,,,,,,,,,,,,,,
,,,,,,,,,,,,,,,,,,,,,,,,,,,,,
,,,,,,,,,,,,,,,,,,,,,,,,,,,,,
,,,,,,,,,,,,,,,,,,,,,,,,,,,,,
,,,,,,,,,,,,,,,,,,,,,,,,,,,,,
,,,,,,,,,,,,,,,,,,,,,,,,,,,,,
,,,,,,,,,,,,,,,,,,,,,,,,,,,,,
,,,,,,,,,,,,,,,,,,,,,,,,,,,,,
,,,,,,,,,,,,,,,,,,,,,,,,,,,,,
,,,,,,,,,,,,,,,,,,,,,,,,,,,,,
,,,,,,,,,,,,,,,,,,,,,,,,,,,,,
,,,,,,,,,,,,,,,,,,,,,,,,,,,,,
,,,,,,,,,,,,,,,,,,,,,,,,,,,,,
,,,,,,,,,,,,,,,,,,,,,,,,,,,,,
,,,,,,,,,,,,,,,,,,,,,,,,,,,,,
,,,,,,,,,,,,,,,,,,,,,,,,,,,,,
,,,,,,,,,,,,,,,,,,,,,,,,,,,,,
,,,,,,,,,,,,,,,,,,,,,,,,,,,,,
,,,,,,,,,,,,,,,,,,,,,,,,,,,,,
,,,,,,,,,,,,,,,,,,,,,,,,,,,,,
,,,,,,,,,,,,,,,,,,,,,,,,,,,,,
,,,,,,,,,,,,,,,,,,,,,,,,,,,,,
,,,,,,,,,,,,,,,,,,,,,,,,,,,,,
,,,,,,,,,,,,,,,,,,,,,,,,,,,,,
,,,,,,,,,,,,,,,,,,,,,,,,,,,,,
,,,,,,,,,,,,,,,,,,,,,,,,,,,,,
,,,,,,,,,,,,,,,,,,,,,,,,,,,,,
,,,,,,,,,,,,,,,,,,,,,,,,,,,,,
,,,,,,,,,,,,,,,,,,,,,,,,,,,,,
,,,,,,,,,,,,,,,,,,,,,,,,,,,,,
,,,,,,,,,,,,,,,,,,,,,,,,,,,,,
,,,,,,,,,,,,,,,,,,,,,,,,,,,,,
,,,,,,,,,,,,,,,,,,,,,,,,,,,,,
,,,,,,,,,,,,,,,,,,,,,,,,,,,,,
,,,,,,,,,,,,,,,,,,,,,,,,,,,,,
,,,,,,,,,,,,,,,,,,,,,,,,,,,,,
,,,,,,,,,,,,,,,,,,,,,,,,,,,,,
,,,,,,,,,,,,,,,,,,,,,,,,,,,,,
,,,,,,,,,,,,,,,,,,,,,,,,,,,,,
,,,,,,,,,,,,,,,,,,,,,,,,,,,,,
,,,,,,,,,,,,,,,,,,,,,,,,,,,,,
,,,,,,,,,,,,,,,,,,,,,,,,,,,,,
,,,,,,,,,,,,,,,,,,,,,,,,,,,,,
,,,,,,,,,,,,,,,,,,,,,,,,,,,,,
,,,,,,,,,,,,,,,,,,,,,,,,,,,,,
,,,,,,,,,,,,,,,,,,,,,,,,,,,,,
,,,,,,,,,,,,,,,,,,,,,,,,,,,,,
,,,,,,,,,,,,,,,,,,,,,,,,,,,,,
,,,,,,,,,,,,,,,,,,,,,,,,,,,,,
,,,,,,,,,,,,,,,,,,,,,,,,,,,,,
,,,,,,,,,,,,,,,,,,,,,,,,,,,,,
,,,,,,,,,,,,,,,,,,,,,,,,,,,,,
,,,,,,,,,,,,,,,,,,,,,,,,,,,,,
,,,,,,,,,,,,,,,,,,,,,,,,,,,,,
,,,,,,,,,,,,,,,,,,,,,,,,,,,,,
,,,,,,,,,,,,,,,,,,,,,,,,,,,,,
,,,,,,,,,,,,,,,,,,,,,,,,,,,,,
,,,,,,,,,,,,,,,,,,,,,,,,,,,,,
,,,,,,,,,,,,,,,,,,,,,,,,,,,,,
,,,,,,,,,,,,,,,,,,,,,,,,,,,,,
,,,,,,,,,,,,,,,,,,,,,,,,,,,,,
,,,,,,,,,,,,,,,,,,,,,,,,,,,,,
,,,,,,,,,,,,,,,,,,,,,,,,,,,,,
,,,,,,,,,,,,,,,,,,,,,,,,,,,,,
,,,,,,,,,,,,,,,,,,,,,,,,,,,,,
,,,,,,,,,,,,,,,,,,,,,,,,,,,,,
,,,,,,,,,,,,,,,,,,,,,,,,,,,,,
,,,,,,,,,,,,,,,,,,,,,,,,,,,,,
,,,,,,,,,,,,,,,,,,,,,,,,,,,,,
,,,,,,,,,,,,,,,,,,,,,,,,,,,,,
,,,,,,,,,,,,,,,,,,,,,,,,,,,,,
,,,,,,,,,,,,,,,,,,,,,,,,,,,,,
,,,,,,,,,,,,,,,,,,,,,,,,,,,,,
,,,,,,,,,,,,,,,,,,,,,,,,,,,,,
,,,,,,,,,,,,,,,,,,,,,,,,,,,,,
,,,,,,,,,,,,,,,,,,,,,,,,,,,,,
,,,,,,,,,,,,,,,,,,,,,,,,,,,,,
,,,,,,,,,,,,,,,,,,,,,,,,,,,,,
,,,,,,,,,,,,,,,,,,,,,,,,,,,,,
,,,,,,,,,,,,,,,,,,,,,,,,,,,,,
,,,,,,,,,,,,,,,,,,,,,,,,,,,,,
,,,,,,,,,,,,,,,,,,,,,,,,,,,,,
,,,,,,,,,,,,,,,,,,,,,,,,,,,,,
,,,,,,,,,,,,,,,,,,,,,,,,,,,,,
,,,,,,,,,,,,,,,,,,,,,,,,,,,,,
,,,,,,,,,,,,,,,,,,,,,,,,,,,,,
,,,,,,,,,,,,,,,,,,,,,,,,,,,,,
,,,,,,,,,,,,,,,,,,,,,,,,,,,,,
,,,,,,,,,,,,,,,,,,,,,,,,,,,,,
,,,,,,,,,,,,,,,,,,,,,,,,,,,,,
,,,,,,,,,,,,,,,,,,,,,,,,,,,,,
,,,,,,,,,,,,,,,,,,,,,,,,,,,,,
,,,,,,,,,,,,,,,,,,,,,,,,,,,,,
,,,,,,,,,,,,,,,,,,,,,,,,,,,,,
,,,,,,,,,,,,,,,,,,,,,,,,,,,,,
,,,,,,,,,,,,,,,,,,,,,,,,,,,,,
,,,,,,,,,,,,,,,,,,,,,,,,,,,,,
,,,,,,,,,,,,,,,,,,,,,,,,,,,,,
,,,,,,,,,,,,,,,,,,,,,,,,,,,,,
,,,,,,,,,,,,,,,,,,,,,,,,,,,,,
,,,,,,,,,,,,,,,,,,,,,,,,,,,,,
,,,,,,,,,,,,,,,,,,,,,,,,,,,,,
,,,,,,,,,,,,,,,,,,,,,,,,,,,,,
,,,,,,,,,,,,,,,,,,,,,,,,,,,,,
,,,,,,,,,,,,,,,,,,,,,,,,,,,,,
,,,,,,,,,,,,,,,,,,,,,,,,,,,,,
,,,,,,,,,,,,,,,,,,,,,,,,,,,,,
,,,,,,,,,,,,,,,,,,,,,,,,,,,,,
,,,,,,,,,,,,,,,,,,,,,,,,,,,,,
,,,,,,,,,,,,,,,,,,,,,,,,,,,,,
,,,,,,,,,,,,,,,,,,,,,,,,,,,,,
,,,,,,,,,,,,,,,,,,,,,,,,,,,,,
,,,,,,,,,,,,,,,,,,,,,,,,,,,,,
,,,,,,,,,,,,,,,,,,,,,,,,,,,,,
,,,,,,,,,,,,,,,,,,,,,,,,,,,,,
,,,,,,,,,,,,,,,,,,,,,,,,,,,,,
,,,,,,,,,,,,,,,,,,,,,,,,,,,,,
,,,,,,,,,,,,,,,,,,,,,,,,,,,,,
,,,,,,,,,,,,,,,,,,,,,,,,,,,,,
,,,,,,,,,,,,,,,,,,,,,,,,,,,,,
,,,,,,,,,,,,,,,,,,,,,,,,,,,,,
,,,,,,,,,,,,,,,,,,,,,,,,,,,,,
,,,,,,,,,,,,,,,,,,,,,,,,,,,,,
,,,,,,,,,,,,,,,,,,,,,,,,,,,,,
,,,,,,,,,,,,,,,,,,,,,,,,,,,,,
,,,,,,,,,,,,,,,,,,,,,,,,,,,,,
,,,,,,,,,,,,,,,,,,,,,,,,,,,,,
,,,,,,,,,,,,,,,,,,,,,,,,,,,,,
,,,,,,,,,,,,,,,,,,,,,,,,,,,,,
,,,,,,,,,,,,,,,,,,,,,,,,,,,,,
,,,,,,,,,,,,,,,,,,,,,,,,,,,,,
,,,,,,,,,,,,,,,,,,,,,,,,,,,,,
,,,,,,,,,,,,,,,,,,,,,,,,,,,,,
,,,,,,,,,,,,,,,,,,,,,,,,,,,,,
,,,,,,,,,,,,,,,,,,,,,,,,,,,,,
,,,,,,,,,,,,,,,,,,,,,,,,,,,,,
,,,,,,,,,,,,,,,,,,,,,,,,,,,,,
,,,,,,,,,,,,,,,,,,,,,,,,,,,,,
,,,,,,,,,,,,,,,,,,,,,,,,,,,,,
,,,,,,,,,,,,,,,,,,,,,,,,,,,,,
,,,,,,,,,,,,,,,,,,,,,,,,,,,,,
,,,,,,,,,,,,,,,,,,,,,,,,,,,,,
,,,,,,,,,,,,,,,,,,,,,,,,,,,,,
,,,,,,,,,,,,,,,,,,,,,,,,,,,,,
,,,,,,,,,,,,,,,,,,,,,,,,,,,,,
,,,,,,,,,,,,,,,,,,,,,,,,,,,,,
,,,,,,,,,,,,,,,,,,,,,,,,,,,,,
,,,,,,,,,,,,,,,,,,,,,,,,,,,,,
,,,,,,,,,,,,,,,,,,,,,,,,,,,,,
,,,,,,,,,,,,,,,,,,,,,,,,,,,,,
,,,,,,,,,,,,,,,,,,,,,,,,,,,,,
,,,,,,,,,,,,,,,,,,,,,,,,,,,,,
,,,,,,,,,,,,,,,,,,,,,,,,,,,,,
,,,,,,,,,,,,,,,,,,,,,,,,,,,,,
,,,,,,,,,,,,,,,,,,,,,,,,,,,,,
,,,,,,,,,,,,,,,,,,,,,,,,,,,,,
,,,,,,,,,,,,,,,,,,,,,,,,,,,,,
,,,,,,,,,,,,,,,,,,,,,,,,,,,,,
,,,,,,,,,,,,,,,,,,,,,,,,,,,,,
,,,,,,,,,,,,,,,,,,,,,,,,,,,,,
,,,,,,,,,,,,,,,,,,,,,,,,,,,,,
,,,,,,,,,,,,,,,,,,,,,,,,,,,,,
,,,,,,,,,,,,,,,,,,,,,,,,,,,,,
,,,,,,,,,,,,,,,,,,,,,,,,,,,,,
,,,,,,,,,,,,,,,,,,,,,,,,,,,,,
,,,,,,,,,,,,,,,,,,,,,,,,,,,,,
,,,,,,,,,,,,,,,,,,,,,,,,,,,,,
,,,,,,,,,,,,,,,,,,,,,,,,,,,,,
,,,,,,,,,,,,,,,,,,,,,,,,,,,,,
,,,,,,,,,,,,,,,,,,,,,,,,,,,,,
,,,,,,,,,,,,,,,,,,,,,,,,,,,,,
,,,,,,,,,,,,,,,,,,,,,,,,,,,,,
,,,,,,,,,,,,,,,,,,,,,,,,,,,,,
,,,,,,,,,,,,,,,,,,,,,,,,,,,,,
,,,,,,,,,,,,,,,,,,,,,,,,,,,,,
,,,,,,,,,,,,,,,,,,,,,,,,,,,,,
,,,,,,,,,,,,,,,,,,,,,,,,,,,,,
,,,,,,,,,,,,,,,,,,,,,,,,,,,,,
,,,,,,,,,,,,,,,,,,,,,,,,,,,,,
,,,,,,,,,,,,,,,,,,,,,,,,,,,,,
,,,,,,,,,,,,,,,,,,,,,,,,,,,,,
,,,,,,,,,,,,,,,,,,,,,,,,,,,,,
,,,,,,,,,,,,,,,,,,,,,,,,,,,,,
,,,,,,,,,,,,,,,,,,,,,,,,,,,,,
,,,,,,,,,,,,,,,,,,,,,,,,,,,,,
,,,,,,,,,,,,,,,,,,,,,,,,,,,,,
,,,,,,,,,,,,,,,,,,,,,,,,,,,,,
,,,,,,,,,,,,,,,,,,,,,,,,,,,,,
,,,,,,,,,,,,,,,,,,,,,,,,,,,,,
,,,,,,,,,,,,,,,,,,,,,,,,,,,,,
,,,,,,,,,,,,,,,,,,,,,,,,,,,,,
,,,,,,,,,,,,,,,,,,,,,,,,,,,,,
,,,,,,,,,,,,,,,,,,,,,,,,,,,,,
,,,,,,,,,,,,,,,,,,,,,,,,,,,,,
,,,,,,,,,,,,,,,,,,,,,,,,,,,,,
,,,,,,,,,,,,,,,,,,,,,,,,,,,,,
,,,,,,,,,,,,,,,,,,,,,,,,,,,,,
,,,,,,,,,,,,,,,,,,,,,,,,,,,,,
